,x1,x2,y
0,-4.503285846988767,-5.138264301171184,0
1,-4.3523114618993075,-3.4769701435919744,0
2,-5.234153374723336,-5.234136956949181,0
3,-3.4207871844926085,-4.2325652708470916,0
4,-5.469474385934952,-4.457439956414035,0
5,-5.463417692812462,-5.4657297535702565,0
6,-4.758037728433965,-6.913280244657798,0
7,-6.724917832513032,-5.562287529240972,0
8,-6.012831120334424,-4.685752667404726,0
9,-5.908024075521211,-6.412303701335292,0
10,-3.534351231078446,-5.225776300486536,0
11,-4.932471795312076,-6.424748186213456,0
12,-5.544382724525183,-4.889077410290134,0
13,-6.150993577422303,-4.6243019816543285,0
14,-5.600638689918805,-5.291693749793277,0
15,-5.601706612229397,-3.147721815491062,0
16,-5.013497224737934,-6.057710928955901,0
17,-4.177455087896811,-6.220843649971022,0
18,-4.791136404995244,-6.959670123879776,0
19,-6.328186048898431,-4.8031387641308765,0
20,-4.261533420004589,-4.82863171881003,0
21,-5.11564828238824,-5.301103695589289,0
22,-6.478521990367428,-5.719844208394709,0
23,-5.460638770959788,-3.9428777737810843,0
24,-4.656381710431539,-6.763040155362734,0
25,-4.6759160306052046,-5.3850822804163165,0
26,-5.676922000305959,-4.388323711159132,0
27,-3.969000477504049,-4.068719880883801,0
28,-5.839217523222638,-5.309212375851215,0
29,-4.668736568596436,-4.024454872877641,0
30,-5.47917423784529,-5.1856589766638175,0
31,-6.106334974006028,-6.196206624080671,0
32,-4.187474177605802,-3.6437599714291773,0
33,-5.072010121580334,-3.996467102107976,0
34,-4.638363974952366,-5.645119754605124,0
35,-4.638604394491586,-3.461963433534031,0
36,-5.035826039109952,-3.435356344185994,0
37,-7.619745104089745,-4.178097495624776,0
38,-4.912952931761828,-5.2990073504658675,0
39,-4.908239223464498,-6.987568914600892,0
40,-5.219671887837512,-4.642887428488254,0
41,-3.5221059552584837,-5.518270218273647,0
42,-5.808493602893187,-5.501757043584536,0
43,-4.084597882297926,-4.6712488903403155,0
44,-5.529760203767038,-4.486732566886644,0
45,-4.9029224506519595,-4.031355009467111,0
46,-5.702053093877352,-5.327662146597768,0
47,-5.392108153132158,-6.463514948132119,0
48,-4.703879722935424,-4.738944727820111,0
49,-4.994886543357539,-5.234587133375147,0
50,-6.415370742050414,-5.420645322765359,0
51,-5.34271451652677,-5.802277269221619,0
52,-5.161285711666009,-4.595949143185462,0
53,-3.1138140987894696,-4.825422187168161,0
54,-4.7424496092772355,-5.074445915766168,0
55,-6.918771215299041,-5.026513875449217,0
56,-4.939769790058974,-2.536757887514714,0
57,-5.192360964781122,-4.698452657666388,0
58,-5.034711769705243,-6.168678037619532,0
59,-3.8571771854849795,-4.248066967313226,0
60,-4.208968052956953,-5.909387454794739,0
61,-3.597205689063901,-6.4018510627922804,0
62,-4.41314290619973,-2.8095443741900215,0
63,-5.990536325130688,-5.566297729602772,0
64,-4.900348634912358,-5.503475654116199,0
65,-6.550663431066132,-4.931437025193973,0
66,-6.062303713726105,-4.526407569364818,0
67,-5.919424234233803,-3.4500655949824606,0
68,-5.783253292336237,-5.322061516205675,0
69,-4.18648278263033,-6.230864316433955,0
70,-4.77254006539587,-3.6928572457175717,0
71,-6.6074832345612275,-4.815366141467695,0
72,-4.740117205751576,-4.21817712822269,0
73,-6.236950710878082,-6.320456613084277,0
74,-4.478058434383103,-4.703015326766814,0
75,-4.749507149654123,-4.653551790503024,0
76,-5.680024721578491,-4.767746302838996,0
77,-4.706927526701318,-5.714351418026368,0
78,-3.134225488855243,-4.5261670790882125,0
79,-6.191303497202648,-4.34344639136617,0
80,-5.974681670227321,-4.212915396257548,0
81,-3.841404420992596,-5.820682318351711,0
82,-4.036623870755678,-4.587219073063502,0
83,-4.17793984000551,-3.103207017346053,0
84,-5.245388116002871,-5.753736164357489,0
85,-5.889514429625523,-5.815810284965439,0
86,-5.077101709414104,-4.658848025183356,0
87,-4.723309200669981,-4.172816750963976,0
88,-4.986998108122093,-3.546465922842683,0
89,-5.264656833237956,-2.279830833410381,0
90,-4.374332652234994,-5.857157556416283,0
91,-6.070892498061112,-4.517527584756815,0
92,-5.223462785325851,-4.285999505907908,0
93,-4.526762375426455,-5.072828912656873,0
94,-5.846793718068405,-6.514847224685864,0
95,-5.446514952067021,-4.143601205676528,0
96,-4.785906255869796,-6.2457387787119885,0
97,-4.826819074148818,-4.6146826202711635,0
98,-5.883857436201133,-4.846274894054472,0
99,-4.941791281554,-6.142970297830623,0
100,-4.642212639651717,-4.439215473631766,0
101,-3.916948756824723,-3.9461979479650973,0
102,-6.3776693679570915,-5.937825039915123,0
103,-4.48496473279134,-4.486214049087791,0
104,-4.484952313693952,-1.1472685093452788,0
105,-4.429109489306833,-3.864434359819401,0
106,-4.045998236506797,-4.348608748694202,0
107,-5.315269244640346,-4.241030779506732,0
108,-5.772825214537572,-5.236818606740009,0
109,-5.485363547829103,-4.918125860613677,0
110,-2.6853414333264913,-6.8672651925917485,0
111,-4.313739809625487,-6.612715871189652,0
112,-5.471931865789434,-3.911049403032634,0
113,-4.935719980904537,-6.077744777929306,0
114,-5.715303709259969,-4.320402251065325,0
115,-5.7303666317171364,-4.783541410418025,0
116,-4.954428160096186,-5.651600347605817,0
117,-2.8560559106746743,-4.366080977681989,0
118,-7.025142586657607,-4.813545685230572,0
119,-5.661786464768388,-4.147566665203776,0
120,-5.7925207384327,-5.114736441466899,0
121,-4.495012721019543,-4.134244805829878,0
122,-6.2002964070557764,-5.334501235840948,0
123,-5.4749453111609565,-5.653329232573712,0
124,-3.234545759718903,-4.595018289039045,0
125,-6.260883954335045,-4.082138052945224,0
126,-2.8778438029873668,-3.967534739448853,0
127,-6.519369965954013,-5.4842340728662515,0
128,-3.7330888508133775,-5.707669465618781,0
129,-4.556180571853772,-4.225365946570664,0
130,-5.926930471578083,-5.0595253560618,0
131,-8.241267340069072,-6.02438764133429,0
132,-5.25256815139316,-6.2477831819648495,0
133,-3.3675886960683648,-6.4301413779606325,0
134,-5.4400444866969835,-4.869259422713909,0
135,-3.5587267109338843,-6.435862151179439,0
136,-3.8368362478450404,-4.989766938980413,0
137,-5.981508651047951,-4.53789652573673,0
138,-4.80094030442653,-5.600216877158795,0
139,-4.930197915009981,-5.38531359686176,0
140,-4.886482654748752,-4.3378693254789535,0
141,-3.413983183854648,-6.2378154988268495,0
142,-2.8669666253437334,-6.952087799522502,0
143,-5.151785095035583,-4.411682793515423,0
144,-4.7190081322649675,-5.622699519820594,0
145,-5.208122250357275,-5.493000934658832,0
146,-5.589364756944212,-4.150397902978975,0
147,-4.642984514034953,-5.692909595260654,0
148,-4.100400124566749,-4.692700479123391,0
149,-4.18713788116104,-4.370371158076388,0
150,-5.828995010922072,-5.560181040196969,0
151,-4.252706394876738,-4.389629734566535,0
152,-5.020901593964148,-4.882672616691218,0
153,-3.722335104211575,-5.59157138883583,0
154,-4.452902618829962,-5.202192652433894,0
155,-5.217681203227221,-3.90122314801281,0
156,-4.17458365101197,-4.186490363999361,0
157,-3.694521192845671,-4.978996158367241,0
158,-4.3180470287050365,-5.310266756593456,0
159,-4.675833647511558,-5.130143054367685,0
160,-4.903004035007282,-4.404842974563087,0
161,-5.818220683233473,-2.9076127243145398,0
162,-6.006017381499702,-6.214188612787732,0
163,-3.8418891264999324,-4.208337306037064,0
164,-4.375880182947845,-4.37165449073572,0
165,-5.012246772846915,-5.897254371485832,0
166,-4.924195441806273,-5.677161711512111,0
167,-4.024880266582249,-5.1470573815021385,0
168,-5.8254971967925115,-5.321385841652994,0
169,-4.587068545724375,-5.563724552803975,0
170,-5.822220395566432,-4.756312788508088,0
171,-4.755033428891277,-5.50694317537113,0
172,-5.471038305618323,-4.767950062642364,0
173,-6.448084341497324,-6.407463774376556,0
174,-5.718444221252436,-5.213447151711847,0
175,-4.689092434401996,-3.524643783050448,0
176,-4.14234037679798,-5.159938529963427,0
177,-5.0190162079026885,-6.002529364637809,0
178,-5.01851313599239,-5.288658638920138,0
179,-4.67728143966191,-5.827230943552323,0
180,-4.480653485758828,-3.4672610869974223,0
181,-5.108760148456858,-4.598288277901059,0
182,-4.309856008288888,-5.4012204718858365,0
183,-4.775907518189583,-4.987407599218205,0
184,-4.902323901451168,-5.773009783855467,0
185,-4.975489825741057,-4.50200170875455,0
186,-3.548856392204958,-4.0407291739147935,0
187,-2.8468175424884437,-5.76734756288805,0
188,-4.127679363279322,-4.816657994261648,0
189,-2.8101970667823277,-5.808298285355152,0
190,-5.839721842180776,-5.599392645444022,0
191,-7.123895724309807,-5.525755021680761,0
192,-5.759132661553698,-4.849606213523792,0
193,-4.6582440242228405,-3.1238291607841138,0
194,-4.04957616181395,-5.576903655662403,0
195,-5.898414671348358,-4.508080828493494,0
196,-6.320233207020642,-3.1685412341456463,0
197,-3.820559879278713,-5.469175652104704,0
198,-6.713134529090878,-3.646127625834587,0
199,-5.114539845252618,-3.7621836880265382,0
200,-6.594427658794367,-5.599375022953772,0
201,-4.994756300281817,-4.953019406235258,0
202,-5.450065471479244,-4.377150067652501,0
203,-6.067620429382594,-5.142379485021293,0
204,-4.879704368288101,-4.485561165941251,0
205,-4.28838512191111,-6.1246420918378695,0
206,-6.534114170735622,-3.722323178101491,0
207,-4.667685988020408,-5.748486536556554,0
208,-3.448848024477477,-4.8843253657071415,0
209,-3.8207028159361736,-4.932481518589891,0
210,-2.939252075118013,-3.2446591575567956,0
211,-5.248964148479073,-4.028429049045645,0
212,-4.354624050414852,-3.631368442467651,0
213,-5.9649234605801045,-4.313948540001561,0
214,-3.941575513150412,-6.7587394864231145,0
215,-6.183258512665775,-7.0392321777601,0
216,-5.269406834444558,-4.282457744204038,0
217,-3.497642947903972,-4.925905219580224,0
218,-3.371384454428708,-6.380101458214892,0
219,-6.703382439355154,-5.055547698896619,0
220,-4.615934551060692,-5.032694748094093,0
221,-7.067442100039877,-5.089120039512788,0
222,-6.304469500504853,-4.330327451169961,0
223,-4.633401753903152,-5.939879786327356,0
224,-5.513866917336694,-6.059213521888951,0
225,-5.062679097273172,-4.044857679498762,0
226,-5.985726046335544,-4.495953484482156,0
227,-5.530257618372441,-5.792872832262344,0
228,-5.107030359954558,-6.035242322419374,0
229,-5.553649305347182,-6.197877892588848,0
230,-3.0352748670836105,-4.964736448028272,0
231,-5.699725507992586,-4.786020089265778,0
232,-5.11232804969083,-5.220969599533223,0
233,-4.385833299956575,-4.242492289952695,0
234,-5.5305011476105275,-5.57581824064468,0
235,-5.275051697151644,-7.301921164735585,0
236,-6.515191062198552,-3.6331257325554756,0
237,-3.3550322864987163,-5.249036039556378,0
238,-4.423443036944233,-4.688749845456464,0
239,-1.9211191915447623,-3.8804250885654232,0
240,-5.127917591480767,-5.9555404406004255,0
241,-6.6064463202575725,-4.796536364132777,0
242,-5.756350745284303,-6.422253709597674,0
243,-5.646572884242526,-6.081548003614395,0
244,-3.3128583649274352,-4.1183602430505495,0
245,-5.007972641316617,-3.520055861109974,0
246,-4.922631692352382,-5.861284201328264,0
247,-3.4768759227303425,-4.461089956315341,0
248,-6.037246154326456,-5.1903386780836085,0
249,-5.875618253384757,-6.3827997309643365,0
250,-4.073822452468359,-3.0905833595298695,0
251,-6.398567573819141,-4.437030763309429,0
252,-5.6506425691218265,-5.487125383764696,0
253,-5.592393924238869,-5.863990769679816,0
254,-4.951478372055173,-5.830950116411038,0
255,-4.7295431742201615,-5.050238109449137,0
256,-5.23894804686641,-5.907563662041598,0
257,-5.576771330568333,-4.244608774174244,0
258,-4.499082812375619,-5.977555244798551,0
259,-4.900667694570775,-4.248612876628211,0
260,-6.669405281121372,-4.456639807620065,0
261,-5.662623758945847,-4.429401331406841,0
262,-5.763259156542517,-6.8048821006645195,0
263,-6.627542437883163,-4.951915053338618,0
264,-4.740277498278518,-5.904316625104409,0
265,-4.361407541222626,-6.66152006226896,0
266,-5.0660797986473165,-6.211016199762456,0
267,-5.6518361078021595,-4.952601328683586,0
268,-5.860413365283953,-5.384555544229825,0
269,-3.9937071907855595,-5.576891869523148,0
270,-4.164307887934858,-6.129706854657618,0
271,-4.470195822084717,-3.5584313793420996,0
272,-7.471644500127289,-5.796895255470477,0
273,-4.42292787281946,-5.203045386042993,0
274,-4.628854126628691,-5.60398518671582,0
275,-4.9134102125271,-5.15567723539208,0
276,-3.8322179383401926,-4.745579156698787,0
277,-4.662397337924798,-5.411876966122468,0
278,-5.487606224072493,-5.4325581878196205,0
279,-4.605547857621703,-5.4209844808202625,0
280,-4.710225143103587,-2.924599201354561,0
281,-4.1288752965683075,-5.3260235321678415,0
282,-3.798786077836055,-5.408075373021552,0
283,-7.038124535177854,-6.008086310917404,0
284,-6.870791921025855,-5.351513484041309,0
285,-4.981581620810449,-3.323562687724717,0
286,-4.673072626235838,-5.219100528808864,0
287,-4.170594418816511,-7.211135309007885,0
288,-4.764385441891434,-4.229134806113033,0
289,-6.478586245779842,-3.856245956793071,0
290,-4.661503592505586,-5.415287913900801,0
291,-4.367218133893715,-2.729307142195604,0
292,-4.8181337449415045,-4.751779413699664,0
293,-5.459360899540244,-5.849844369464792,0
294,-4.169664183455755,-5.8560838259088674,0
295,-4.928433762780608,-5.477657446765116,0
296,-4.521020174253608,-4.666337894713052,0
297,-3.962460055742101,-5.510016398854747,0
298,-5.269874935293371,-5.978763715782307,0
299,-5.444293260076112,-4.622699506955148,0
300,-4.243011383354649,-5.922165324177626,0
301,-4.13039407989434,-3.644362141195049,0
302,-4.586565096776299,-3.1232041874419343,0
303,-5.7737891991035735,-6.244654703311417,0
304,-6.778720248904278,-3.5039556885108167,0
305,-4.345634343645942,-5.055584670910455,0
306,-4.72003137368018,-6.125489047298377,0
307,-2.5542480203831737,-4.870778818024773,0
308,-4.890605205395107,-4.274233376101308,0
309,-4.518990768263286,-4.776115975720868,0
310,-5.790474455445312,-4.528531642864004,0
311,-3.117975503524966,-3.6545799538450225,0
312,-3.406813373360603,-5.511215676431185,0
313,-5.989604820258581,-5.125786920099648,0
314,-4.944275087711305,-3.9058084815290517,0
315,-6.692464629714819,-3.470449680539386,0
316,-5.1580078985789894,-5.42688106994742,0
317,-6.012104375260168,-6.654856671865769,0
318,-4.176829416038085,-4.926682032811597,0
319,-6.289960899741054,-6.295078772063616,0
320,-5.335784699290128,-3.330978474710607,0
321,-5.259591351363605,-6.503142953118106,0
322,-5.245743064085945,-5.27272356974767,0
323,-7.696886642941571,-5.054294866517812,0
324,-5.230934530208678,-4.303793635186581,0
325,-3.151043905054655,-3.8734349704522426,0
326,-5.268888690554831,-6.10652590874167,0
327,-2.4266401967501396,-4.940781565985512,0
328,-4.986070708087054,-5.024125087110003,0
329,-4.801915239232145,-5.144360411923943,0
330,-5.5736620068802365,-5.546858941240393,0
331,-5.0327532702159985,-5.543424771133765,0
332,-5.712845782677165,-4.893569772308103,0
333,-5.254977217420855,-3.496007011417311,0
334,-2.650969808393012,1.0915068519224618,1
335,1.246085192497629,-2.0733902324081495,1
336,-0.34268759408034877,-0.37144086599579146,1
337,-1.4075116947178212,-0.7778166875908753,1
338,-1.1105758454658288,1.7522704434236227,1
339,0.9356783931474612,1.2715550949941588,1
340,0.7216720640432351,-1.1290517712172292,1
341,-0.5245202662797737,0.48937456122791806,1
342,-1.2221278088919454,0.7129984301723881,1
343,-0.24032539815813503,-0.3748208075495975,1
344,0.7109599682034915,0.44426331148603976,1
345,-0.3609661658190799,1.159329803364248,1
346,-1.0810633275998973,0.6159356069442637,1
347,0.5931012579683838,-0.3095464393139903,1
348,0.326133022242118,-1.251113576385303,1
349,0.924027019206901,-0.18490213644298903,1
350,-0.5227230205190395,1.0490092258368893,1
351,-0.7043436905427592,-1.4084612963635597,1
352,-1.5566291735239037,0.6060099513456396,1
353,-1.280429352496283,1.7547941819843647,1
354,-2.081929407883722,1.6964563682900382,1
355,0.2110174672026184,-0.09671311187039239,1
356,-0.5449190868089497,0.39913611435207086,1
357,-0.037634702424848364,1.1033018820165215,1
358,0.11422764866203965,0.1503017614618776,1
359,-0.36361221221385587,-0.056945623721067457,1
360,0.3078017688920592,-1.7101683926566256,1
361,-1.348185422105713,0.743264094022715,1
362,0.17086543812794186,-0.18398333635267913,1
363,0.01843393306539316,0.34758170536167105,1
364,-0.5397596803093615,-0.7783047254023127,1
365,0.19584525509768155,-0.978372777615032,1
366,0.40825275571447184,-1.7025836042378404,1
367,1.0291556373256436,0.472597482413043,1
368,0.25602973431387566,0.9826909839455139,1
369,1.6654744444625766,1.0143700650181304,1
370,-1.8408742313316453,-1.2795769667357015,1
371,-0.6248185776956788,0.026091050210833786,1
372,0.517659020469123,-0.7257438131534656,1
373,0.18676676447707832,-0.7553829323533225,1
374,-0.6115178029919482,-1.4066610968482223,1
375,-0.9232332461109043,-1.3516846056163336,1
376,-0.9758732529773327,1.0536417966078395,1
377,-0.949398888831943,2.632382064837391,1
378,0.4933179008808892,0.1848361236948739,1
379,-0.8583577801812136,0.7003098794089914,1
380,-0.5756378262377739,0.12200981464536144,1
381,2.5600845382687947,-0.09605989972464987,1
382,1.1492733262856758,-0.7031764251258874,1
383,-0.0349884904969617,1.77080063563551,1
384,-0.6269670577877674,1.8124485579969287,1
385,0.7077519354554754,-0.5624667758942676,1
386,0.632407739055521,0.9725544496267299,1
387,0.6218099622171964,-1.5702247198904564,1
388,-0.7271371758248686,-0.24751863555150475,1
389,-0.07443342910004629,0.620672097550678,1
390,0.17770100093325383,-1.3353443587101013,1
391,0.3801978510059632,0.6105857452838231,1
392,0.5597904479310398,1.0807807255546218,1
393,0.8339221545489041,0.4591800792284367,1
394,-0.07016571145864703,-1.6609609335159914,1
395,0.42961821913258585,0.20768768716311115,1
396,0.27157883719537346,-1.2767485758203094,1
397,-1.0810565404082624,1.0531528533329035,1
398,-0.03955515385665504,0.6815006973726244,1
399,0.028318376130461172,0.02975613949574519,1
400,0.9382838059759977,-0.5160447282173739,1
401,0.09612077694098337,-0.4622752887050425,1
402,-0.4344962274323156,-0.30917212346863937,1
403,0.22213377163371284,-0.4787486216634773,1
404,1.2557561255735208,-0.8946073022195039,1
405,-0.18687164416135904,-0.4397310582741749,1
406,1.4469778843537329,0.19655477651157463,1
407,1.0318445394686349,-1.485560373036972,1
408,0.26705026586925884,0.889630795623437,1
409,0.08228398927542419,1.0654803750653512,1
410,-0.5172884501003722,1.40934744018558,1
411,2.2988981236192503,-0.36283856043965906,1
412,-0.4455025214007718,1.453384477117701,1
413,1.5795721457307124,-0.5228600271532683,1
414,-0.42018681709585726,-0.2817846088605072,1
415,-1.344450511034277,-0.9186519464841982,1
416,-1.0041407667520679,-0.7677975651041284,1
417,-0.03468488738678118,0.23421473253652075,1
418,1.5505004928140769,-0.998354040738791,1
419,0.9843223984765838,-0.21398884422550896,1
420,-0.04946370965243295,0.6748194921666038,1
421,-1.1227220215622986,0.3824097461840506,1
422,0.1664522082130561,0.4924512640081491,1
423,0.2891686439078181,2.4553001399108942,1
424,-0.637739984251316,-0.5309969550018176,1
425,-0.6231405264247644,-0.5554771191602547,1
426,-0.6373871273065177,1.1890165311075518,1
427,1.4205042479898549,-0.5707462937494763,1
428,-0.8323555731042287,0.4714155563864041,1
429,-0.5522230442809712,0.6329318177555108,1
430,0.2029230208512997,-1.515744114997232,1
431,1.5475052013300616,1.7958776730955217,1
432,-0.6127886904843862,-0.38770155993598415,1
433,0.28586539072490497,0.334456789987025,1
434,0.6585442726728304,2.0102045387663496,1
435,-0.1769472274940494,-0.7982972445384537,1
436,-1.3793192280145272,-0.7309300399419191,1
437,-0.033126972873797095,1.7945578635177877,1
438,-0.5176112990361714,0.2237879516388985,1
439,-0.016422896072752075,1.188393273448084,1
440,2.5269324258736217,-0.5308687729203206,1
441,-0.48943944251822213,1.044160877069072,1
442,0.6818914896263114,1.8467073257360336,1
443,0.5839281853259639,-0.35929209078705954,1
444,0.5906548306923093,1.1087035805829077,1
445,0.820482181197364,0.5072740311072977,1
446,1.066674689589154,1.1692955904456728,1
447,1.3821589910375272,0.6487098875896427,1
448,-0.16711808031685435,0.14671368643332283,1
449,1.2065089665083568,-0.8169356709872361,1
450,0.3686733088729012,-0.3933388123273607,1
451,0.028744822934817487,1.2784518626072987,1
452,0.19109906801990334,0.04643654815614881,1
453,-1.3598561409799192,0.7462535660272207,1
454,0.6454841811410754,2.16325472330546,1
455,-0.30777823495300083,0.21915032766393897,1
456,0.24938368371075526,1.5774532797634744,1
457,-0.0952955323869521,0.27902152577033923,1
458,0.6078965097165392,0.1866091231563581,1
459,-0.44643361455052827,0.19408999289830758,1
460,1.073631749859772,-1.0265152994110602,1
461,0.132969674146876,-0.7001208149391732,1
462,1.1950466289248425,-1.5231869047837747,1
463,-0.5589218472715883,0.37721187506452086,1
464,1.5655240292343404,-0.0657502610729878,1
465,-0.5551995266931984,1.8811570694405901,1
466,-1.448013900416244,-2.198805956620082,1
467,0.4400144500533324,-0.5020542243526112,1
468,-1.0212328171307132,0.7083564472993533,1
469,0.24380071377119883,-0.5640786307367284,1
470,-1.2803043986708944,0.8724573282801447,1
471,0.650201177958661,-0.09917586377938291,1
472,1.8466369960476658,-1.0700847663261526,1
473,-1.5255251709247388,-0.6919080698812444,1
474,-0.045586016355497805,0.24333944932269183,1
475,-0.24123605785632987,0.3520553965142968,1
476,-1.251539424190444,1.4437646040732595,1
477,-0.0821511783925688,1.1172958315881276,1
478,0.34272534637770413,0.4567532191537839,1
479,0.5697672802322039,0.44770856001731496,1
480,0.6427227598675439,1.3291525301324314,1
481,0.19652116970147013,0.7090037575885123,1
482,-0.08973569428722672,1.4401172154494728,1
483,-0.6763923020592697,1.8009404329108156,1
484,-0.04015795064434341,-1.4307751021180481,1
485,0.12810441491078928,-0.6810516574748808,1
486,0.8406435489887241,-0.6526239793023909,1
487,-0.4461834332147797,-1.889540730945531,1
488,-0.4523063192490767,-2.4238793266289567,1
489,-1.5839028234857233,0.7604146561442974,1
490,0.7858001586508322,0.42545756178496474,1
491,-0.966976143129213,-0.047711356141979855,1
492,-0.0036025390905684044,-1.1583646891925428,1
493,1.5033983017671506,0.8773622905756714,1
494,-0.22096417382966393,0.02688583899453078,1
495,0.20838280794755248,-2.0417348684242906,1
496,-0.24717738252059693,-0.6819842479977986,1
497,-1.0016200098949155,-0.2811002928859549,1
498,1.7976865268495226,0.6408428612670098,1
499,-0.5711789897827968,0.5725827813561586,1
500,1.3993554365860021,0.9246336829127688,1
501,0.05963036992017413,-0.6469367777055739,1
502,0.6982233136135899,0.3934853854217496,1
503,0.8951932200277323,0.6351718016819695,1
504,1.0495527153193351,-0.535235211560568,1
505,1.3173940656343257,0.19759960469239965,1
506,2.0752608726252655,-0.6891878180895679,1
507,1.7359638031652493,0.1979107834626478,1
508,-0.6514180036144483,-0.48388583405432156,1
509,-0.32034730819432017,0.4241659464019164,1
510,0.5228354880354996,-0.573700003938579,1
511,-0.02435459226098284,2.1422703586118637,1
512,1.7275431701007113,0.4363236696740321,1
513,0.03800347816820029,0.1200313267182613,1
514,0.6135179727304166,-1.0227925651984056,1
515,-0.2573765374233451,-1.6685840738775894,1
516,0.39922312260527926,0.647195939702741,1
517,-0.483186462299374,1.5739867632900328,1
518,-1.2257656630023412,-1.4643748802098202,1
519,0.22445181855997204,1.0470983026121545,1
520,1.6839276914578687,-0.45888426286894,1
521,1.0786808334312956,-0.03850846950070721,1
522,-0.17262729994081963,0.8836599374866724,1
523,0.6523228784134196,-1.5763921569842494,1
524,1.4765403497258958,1.3800913541474515,1
525,-0.6255627015095294,0.39580353343740904,1
526,0.4940301862827388,0.2606737658239071,1
527,-0.5503051538454201,-0.6716233679380516,1
528,-0.025554070991445278,1.1727290192593647,1
529,0.5436001545944323,-0.37061433208610595,1
530,0.7716987106483447,-2.8485426206300755,1
531,1.1487657003721035,-1.7397137787780996,1
532,-0.36244094140313216,-1.1196698946261439,1
533,-1.2946814757209058,1.1608267873785194,1
534,-0.46770120131189136,0.3465038817307158,1
535,-0.04692057887918407,0.47704082722312147,1
536,0.07682189106025536,-1.2829922241885696,1
537,0.99626681944714,-0.4937565831613125,1
538,-1.556581898659751,-0.4281151609659125,1
539,1.5007597906343109,0.8502217421134929,1
540,-0.3486521344078592,-0.3492577043184288,1
541,-0.3216350512173826,2.076747983560841,1
542,0.38193545223155334,0.43004164719106963,1
543,1.0302834540318422,0.23878915902651351,1
544,-0.2590421458207031,-0.19634984908497827,1
545,-0.07160125941406395,-0.03722223650984159,1
546,0.7276295436369798,0.05194588580729943,1
547,0.7326400772155792,-0.08071658010858232,1
548,0.07863519031609059,-1.9982006845321076,1
549,0.9163276747024814,0.3464884758979927,1
550,0.9980101098596522,-2.8962553781936893,1
551,2.0883747047807275,-0.13958962815517376,1
552,1.1081828167375165,-1.0399059271255309,1
553,0.6127739050625697,-1.0534155631736561,1
554,-0.6237689606958051,1.9140313538667861,1
555,-0.19068240076334658,0.21743287317972287,1
556,0.8700677306887542,0.49568188797260465,1
557,0.15041890514357642,0.3649610024662254,1
558,2.403415585238275,-0.05761879703358539,1
559,0.2010990467149675,1.050654396007612,1
560,1.1055259329579838,1.1870303055603801,1
561,0.6387302220291846,-1.1430049127304835,1
562,1.633431532301096,-1.146345393018688,1
563,0.30263546523903323,-0.7542758500193579,1
564,-0.06413834659299254,0.3287624103034804,1
565,0.32135721545027307,0.42192075423528475,1
566,1.613711269058647,0.45353430151397983,1
567,-0.24415663529064868,0.9640871682883573,1
568,1.1894704889246406,-1.2276078151369925,1
569,0.597400069849858,0.7011727423108983,1
570,-0.29756350335999193,1.3757068133116195,1
571,-0.15005558703252672,0.12557645347154225,1
572,-0.1730718242838696,0.015579047581467534,1
573,-1.0962750868952018,-1.4400508825942944,1
574,1.5945050632249722,-0.8469613483183278,1
575,-0.9913923494563072,-2.153390113603715,1
576,-0.6389617476895022,-1.3230897934074983,1
577,1.642015160136369,1.0098170893426341,1
578,-0.6881503451777238,2.2524358053443088,1
579,0.9817654869915943,-0.32483138350862245,1
580,-2.499405714873573,2.2909425725907417,1
581,-1.389572466763596,-1.6453987469568918,1
582,1.0225704320096403,2.439752406339273,1
583,1.3842728185105182,0.5639091200523596,1
584,0.594754341665286,0.8534155587803077,1
585,0.7589285897867651,0.2811914239693758,1
586,0.10420110395187607,-0.06259312789952241,1
587,-0.7539645888666763,-0.28067507686677406,1
588,-1.6929568141953855,-0.09833962679474989,1
589,-0.9885911071509175,-1.103589317215771,1
590,0.17989415115347845,1.3920022863445993,1
591,0.918316606002313,-1.570500603623177,1
592,-0.9896281365703375,0.9407711879882159,1
593,-0.9824873935383096,-0.2246331499970246,1
594,0.5500520990245519,-0.9683444548636353,1
595,0.1053755061459599,-1.3340254949182044,1
596,-0.6013676439512137,0.31978193414253697,1
597,-1.5929937335316693,0.440474737960399,1
598,-0.019637798926681216,0.5524899544171478,1
599,0.22391413406466143,1.3641404299738442,1
600,0.12522450264790727,-0.429405541125253,1
601,0.12229750303228377,0.5432980290363879,1
602,0.04886007032570433,0.04059169120388238,1
603,-0.7019916878067554,-0.6629009175509482,1
604,-1.4026052717996935,1.7495767431869393,1
605,-1.243863235391285,-0.6929051977959073,1
606,-0.7184072655691974,0.8949243769444413,1
607,-0.2949496782920278,1.2477420726737338,1
608,-0.6734906242438685,0.27899416222380197,1
609,-0.8353470532597573,2.1451491277733883,1
610,-1.1875984190295128,0.3098207102270275,1
611,0.6337768809320985,0.41379909745149823,1
612,-0.1852876588777083,-0.12982069973342616,1
613,0.0438114719791096,-0.14700200162848862,1
614,0.9638791167949097,2.2105230015913513,1
615,-0.5574917850078336,-1.3698029795790778,1
616,-0.08828204835125482,2.5797093376543185,1
617,-0.8036745679697308,1.6391168054440675,1
618,1.6777008140764407,-0.5535882417079946,1
619,0.5689830791852754,1.628396623128538,1
620,-0.3791277409874871,-0.20358036010236177,1
621,-0.5816809139486437,-1.0147567306928669,1
622,-0.6492775450660071,-1.2239402667622565,1
623,0.03408346825922607,-0.7699732310586418,1
624,0.2337859117907477,-1.5558956462036273,1
625,0.33088023221445706,0.8335289616089246,1
626,-1.9937356425714554,0.37405656984757213,1
627,1.2276689924732922,-1.2096410186912054,1
628,1.6725723868377034,0.4190190093660452,1
629,-0.7050118557584089,-0.05576907765770601,1
630,0.5583269125217224,0.0760053914124115,1
631,0.5387559924463692,-0.9206735930793662,1
632,0.169360824036078,-1.4137144969049802,1
633,-0.11122606134870032,-0.9039076414647897,1
634,-0.7355299425897666,1.2360931752104374,1
635,1.091310120594269,0.609138120907177,1
636,-1.092312764672579,-0.3164084496948019,1
637,1.2130976999791834,0.14171691363990474,1
638,2.319329539981694,0.39331783939437187,1
639,0.1920491164900316,-0.3091164642025014,1
640,0.1335409047822823,-0.1524698363805439,1
641,0.7081086766885905,0.9567023167945841,1
642,-0.7859894605079495,-1.331232953557778,1
643,-1.8362053731032966,0.5079913269125437,1
644,-1.1033666061738736,-2.152890592952483,1
645,0.3885786045309641,2.4929995174327906,1
646,-0.006070911539893324,0.8384907744516419,1
647,0.08182935854756501,-0.09888965319114267,1
648,0.9190764829877686,-0.29027454418865134,1
649,0.26739231407190295,0.3216978061960136,1
650,-0.6680904536430488,0.9920423495365228,1
651,-0.17495975669540864,-0.7557451594928447,1
652,0.5365098435704035,-0.8984679817910373,1
653,0.028181157369128247,-0.009118996644203544,1
654,1.085895565831578,0.4746982328799528,1
655,-0.025026958745143917,0.8177662992002871,1
656,1.3902075490173134,0.5578103063518622,1
657,0.010352619843380607,-1.3118362323501596,1
658,-1.0651136630753726,-0.30522470435466764,1
659,-0.6095122021592831,-0.186971302985446,1
660,0.056649924897107164,0.5296927543567308,1
661,-0.07049877805909122,0.4865016438262019,1
662,0.06447441481012024,-1.9754665663538713,1
663,-0.9393353938187543,-0.14408755572161547,1
664,-1.2096947428411076,0.5999287299962045,1
665,1.5307508323436974,1.2187618516973167,1
666,-0.213442870930208,1.490726136849952,1
667,5.148667457202111,4.662914028881961,2
668,4.38659733645906,4.697530313511872,2
669,4.611823181458771,5.170416222375488,2
670,5.160573981049865,5.003046020153414,2
671,5.43693816974635,6.190646274786341,2
672,5.949554135441324,3.5151020315500965,2
673,2.446078865098045,5.934319911239274,2
674,3.6331213015845787,4.775234598107317,2
675,3.8298869739406403,3.1980195624199803,2
676,5.541462728204788,5.7591551603026465,2
677,4.423489599273281,2.40895770785509,2
678,4.453755551747517,5.3918040054025465,2
679,3.5210884312258712,5.183359919779155,2
680,4.984690150827005,5.579291499601088,2
681,5.119580368414153,4.026931059118445,2
682,6.196571501664492,4.84147042697303,2
683,4.972695460490068,4.066732040926804,2
684,4.55671774880849,4.115197285973099,2
685,4.827053940076577,6.7117084801423434,2
686,3.6280988570686437,3.386438602123259,2
687,6.471170327493608,4.7906763228481335,2
688,4.330927261340084,6.039904687396076,2
689,4.394384460263136,6.826009713546936,2
690,5.677925871339269,4.5120885918542974,2
691,7.1573082132655035,4.3942850769966615,2
692,5.742095372009307,5.299292580406492,2
693,6.301741289398798,6.561511196726853,2
694,5.0320041490657665,4.246582129653817,2
695,5.459972142939116,4.322284630247894,2
696,7.013387247526623,5.1365353310827375,2
697,4.634678448687891,5.184680305864909,2
698,3.6528737104703035,4.028385961489349,2
699,6.200413907944426,4.343105721028604,2
700,3.95308901731806,5.536652752527286,2
701,6.1857041546629965,5.718953310665067,2
702,5.9960476858058165,4.2432049114305395,2
703,3.5781893332581562,6.501333651955487,2
704,4.677320161157864,4.749166983544953,2
705,6.328194141849058,5.55623000940066,2
706,5.455887772081607,7.165002344901084,2
707,4.356481769619857,5.927840128081237,2
708,5.057013124897084,5.268592278863257,2
709,6.528468426412532,5.507835756289624,2
710,5.538296079049633,6.072507337309802,2
711,4.635047270457115,4.160790332660993,2
712,3.955190805978966,3.0336434106239984,2
713,7.056207129940322,3.896791634278317,2
714,4.778746376414228,4.723186700111079,2
715,5.307406697809101,5.815737212539297,2
716,5.860473488359745,4.416922561431061,2
717,4.832878286213589,5.2825799504883,2
718,4.751308873816453,6.607345576019993,2
719,5.490974951638251,5.734877786049817,2
720,5.662881268667412,6.173473857485325,2
721,5.181021558703707,3.7031680520441537,2
722,5.399687951752641,4.348643106208171,2
723,4.471383318250243,5.586364018755093,2
724,6.238283071433636,5.021271576736062,2
725,5.308833012598964,6.702214944635238,2
726,5.240753179488569,7.601683114180394,2
727,5.565509645631544,3.239237240844182,2
728,5.753341621104532,5.381158384882777,2
729,6.289752754082746,5.6731813512699585,2
730,4.861544016016226,3.775701763710634,2
731,4.7909767427139744,4.1494795457907,2
732,4.419476550195277,5.58857840442061,2
733,6.669904504351406,5.394671529822981,2
734,3.8041169379648156,5.44460266822014,2
735,6.196631486645651,4.390217095680618,2
736,4.865982833327083,5.014688194729197,2
737,4.21510168691776,5.648280433843859,2
738,4.8790518513922185,5.419532443907028,2
739,4.1125078221979,4.56254169967659,2
740,5.722381357827771,4.627166847908233,2
741,6.726963851233405,4.600363814385398,2
742,5.224684725751886,5.93259083187309,2
743,3.5816342670669683,3.239191188019224,2
744,3.474343685429905,6.262584103427182,2
745,4.448141854107553,7.558199285668252,2
746,4.4357524013426115,5.184551303197037,2
747,6.542109952567875,7.006092888159123,2
748,7.061503576636397,6.208366230593143,2
749,6.024062525811463,5.592526949201183,2
750,5.778361076166638,4.448814283671466,2
751,4.1818011165776925,4.996625542589048,2
752,4.829815377475072,4.546771950672725,2
753,5.696387447456715,5.955305208570511,2
754,5.088406886291847,6.477530081055262,2
755,3.858310885866495,4.8063405407202815,2
756,4.283177679397195,3.13346338292694,2
757,4.917319314157301,4.878252491616716,2
758,6.5134497432421306,5.630811684554778,2
759,3.975813175670795,6.854092566334188,2
760,6.221033695525353,5.582097703468616,2
761,4.773515901150168,4.04056076327652,2
762,4.627793223928947,6.088748619704186,2
763,6.884586305934609,6.543243528272189,2
764,4.511150578213726,3.880382566710989,2
765,5.1408862469112035,3.231560634437148,2
766,5.323167714184781,4.852397413701332,2
767,4.533963498131758,3.4052969327332043,2
768,5.513600106569717,4.467299160338088,2
769,3.8300831642897117,2.1277377867183507,2
770,4.972485094949364,6.772251596669744,2
771,6.66125921454787,4.542903743413728,2
772,4.39778793963822,5.468774256075024,2
773,4.001614560811708,5.301791899819466,2
774,5.76608027838469,6.226933223884307,2
775,4.899845923520047,4.796326249823034,2
776,4.122017413243439,4.17311964596014,2
777,4.773521108098473,5.367365506816178,2
778,5.913584626233249,4.196821049319655,2
779,6.4926885689595215,4.728876398957431,2
780,4.978632705651564,4.252788320852177,2
781,2.5757597397270584,5.884045396361049,2
782,5.736843897092434,4.718672442881787,2
783,5.066990717224872,5.5159392177041,2
784,3.4374541431134573,4.470947322653705,2
785,5.794264679621827,3.7457105768307506,2
786,5.293557932166629,3.643418195376595,2
787,5.466429982433526,4.964358517702516,2
788,3.3848681840944908,6.164739354457171,2
789,4.265408423201951,4.189747562985619,2
790,5.2005691972309425,6.148637349428715,2
791,3.984178181021603,5.061679849847971,2
792,5.428816500330573,5.693105607263144,2
793,5.176441555277226,4.632972160916678,2
794,4.17240977935128,5.0861438830463745,2
795,3.927860988014393,2.0786495165053926,2
796,5.4365598041576675,5.903934841086195,2
797,2.6370675644581616,3.9902692952900622,2
798,5.619154261005198,7.057495469711698,2
799,5.020793707675408,4.271997058770865,2
800,4.81710355889516,6.374876419148185,2
801,4.354035820875465,4.200807993349747,2
802,4.517256477817968,4.046671391741287,2
803,5.122670315994796,6.62467845846956,2
804,5.323079273116029,4.7476464978737125,2
805,4.708188731084456,3.436809191303343,2
806,5.883109777147159,4.922162802987198,2
807,4.819520086409375,8.19310756784486,2
808,5.298752908365686,4.248208949904816,2
809,4.573642403794457,6.148445709196755,2
810,5.113270410537765,3.561722021682633,2
811,5.919228934575203,4.331855914461006,2
812,6.873297776217545,6.0800480657146485,2
813,4.552678104341249,6.281016361735113,2
814,5.067855510527403,5.8527736751222195,2
815,5.484732817294475,4.153643345009127,2
816,4.356450167682538,6.029960817581161,2
817,4.665224667893459,4.596351536758004,2
818,4.044877420650647,5.423599065593461,2
819,7.062524919243145,3.932467085745727,2
820,5.024219456672758,6.412220555415429,2
821,4.9203586087542845,5.452371796249734,2
822,3.9376064718531203,5.428307097207648,2
823,4.812855734995451,5.985729995679863,2
824,6.187386051564751,7.589563642018614,2
825,5.579633173213575,5.325796316582166,2
826,5.194384301577336,4.6468337071893115,2
827,5.338483843461691,4.704598589860971,2
828,5.168460976269614,6.31759753560796,2
829,3.9934574347203586,6.139878561129045,2
830,6.3171150673398655,4.881931473008922,2
831,2.8781451009914054,4.392178012905568,2
832,6.296994546561109,4.977131937701118,2
833,4.0006977677050894,4.4952250787717825,2
834,5.840620026504553,5.546733568201379,2
835,4.761067900830306,4.6331755881853125,2
836,4.608241850956178,4.077589815501497,2
837,6.615375689469442,4.6776795307886605,2
838,6.217158520825496,6.521316051922451,2
839,5.9983108981479605,4.5683796872819515,2
840,5.40373009033661,4.975804393609084,2
841,4.096298139269872,5.324359281721603,2
842,3.8209602088401975,6.1876793884615635,2
843,4.535382702701607,5.201159655872839,2
844,5.283287871546142,4.741095026295922,2
845,5.586693801475275,4.525096343377475,2
846,5.871297297457244,3.6540203197532515,2
847,5.126379579546412,6.938928999058285,2
848,3.9996686753944255,4.322255029475149,2
849,5.513907849658915,5.179581781939598,2
850,5.350630099273559,5.489187130147664,2
851,5.63472146856177,6.109699841956223,2
852,5.409818656928513,4.7587423453814575,2
853,5.672573701202731,6.899881934895216,2
854,4.867366253617426,4.025470695329359,2
855,6.107080669286972,4.879618836046402,2
856,2.827330453985964,5.847421677150422,2
857,4.464671814046078,4.909466717695839,2
858,5.3319803305690145,5.190499679779067,2
859,5.70945181713904,4.564513629430157,2
860,5.513105798176083,4.740453322416083,2
861,5.738810480887503,5.615367484013054,2
862,4.064561297955405,6.085982116175032,2
863,4.464036554885952,5.808057798281145,2
864,5.367287313401341,6.838183676795122,2
865,4.776534017628148,4.650683203881803,2
866,4.980580394112267,4.696820217165724,2
867,5.79994190194205,3.3836893915634123,2
868,3.9463175808536457,3.932197078420807,2
869,5.9503075919735755,6.710613372581925,2
870,4.8955507814625285,4.83117827680999,2
871,5.070052163113181,6.161878302608191,2
872,4.072646865809426,5.2383689827347855,2
873,5.975197629782429,5.5010941699398455,2
874,5.189581616598743,6.001046092567141,2
875,2.296767707000763,5.677875319530908,2
876,4.345924316872576,3.169367103143543,2
877,5.511202599524981,6.373658545162957,2
878,4.862551485372308,5.9528745472029385,2
879,6.612278257988645,6.314914453584048,2
880,6.639964529371393,5.7421274910718925,2
881,5.075433638901592,3.3980341881028315,2
882,4.753937511870052,4.156753404683808,2
883,7.170942717497814,4.824114187567663,2
884,5.123204806784486,5.551485376040468,2
885,5.043602446372454,6.695051040430753,2
886,4.377350638265548,5.194607455237243,2
887,4.257529414301952,3.6799774887792944,2
888,4.388230909094714,4.962963202951588,2
889,4.57069777548274,4.307579020126144,2
890,3.593682536328166,4.9168944273713056,2
891,3.4952796259689975,5.760055963689602,2
892,5.082439752934503,3.5424485005350697,2
893,4.6907909229501366,4.247843594409417,2
894,5.31917451041918,6.340450446023144,2
895,3.1248275303542554,5.115026079147417,2
896,4.83986720443336,5.671340076450465,2
897,5.213196628237689,4.248030668261181,2
898,4.680946064333382,4.203974143196511,2
899,6.076007138598598,5.021311648671942,2
900,6.901190685753008,4.9393391861853795,2
901,4.291593233089538,3.486285607387173,2
902,3.1968603237440547,3.4158640569945105,2
903,5.267126651011483,5.508725023229934,2
904,3.418809297967867,5.895038314076116,2
905,4.516938948316561,5.146793011985549,2
906,6.612220628255424,5.896839315865532,2
907,4.731469352094168,4.1088077745847125,2
908,2.848184598670695,4.28084668075758,2
909,4.788869761172306,4.012820472848816,2
910,4.8687430329076955,5.076851882958768,2
911,4.775144018191922,4.349997419176541,2
912,5.168654671966728,5.441940649569409,2
913,3.909600922557154,6.41093237974627,2
914,4.901411867715738,5.018849622944848,2
915,5.708214423256557,5.233216131263502,2
916,5.953136633913245,5.287124165201824,2
917,4.387562625359562,5.361503525206102,2
918,3.856273792679338,5.108559705776523,2
919,4.966770009355539,4.79188314272746,2
920,4.871462488561069,3.1181509545023607,2
921,4.4512750922590385,5.092844901141115,2
922,5.1598563919974,3.9723248590740416,2
923,6.2657078408647005,4.1338251517855,2
924,5.969457200526737,5.427194361871685,2
925,4.353772690156197,6.775310892609512,2
926,3.8063631682435197,5.919154173610002,2
927,6.000582318042978,4.329379790923355,2
928,6.392465300064329,4.749953485401047,2
929,5.288693629279857,5.260321838771221,2
930,4.865691258529452,5.8108082731597825,2
931,5.793488720552213,3.2514680267618195,2
932,6.304340242878153,3.3375080119643257,2
933,6.032546204341657,6.126705136827583,2
934,3.9090335697848015,4.589185712045415,2
935,3.8942953315140643,4.785078969711265,2
936,4.691965715814259,5.7796605322693395,2
937,6.310308746119608,6.395683810789956,2
938,4.437831973421698,4.790778126255472,2
939,3.31656180777905,4.194129933503811,2
940,5.9648516330974575,6.615582823548232,2
941,3.765651128120078,4.407535740847106,2
942,4.973594243041073,5.280161158819607,2
943,4.190396480078354,5.424061044464089,2
944,4.526160652929084,4.985547729121721,2
945,5.546284248003699,5.006422269810938,2
946,4.5636141094734315,4.890390196074169,2
947,4.911637040794664,4.629988970117872,2
948,4.741203937332898,6.598647170504717,2
949,5.560919447941239,4.704519681970839,2
950,5.696954404510736,4.66618051024399,2
951,6.173124637586641,5.369642192198094,2
952,4.892697855995771,5.447716925810278,2
953,3.4291238479315007,3.8732325310901947,2
954,3.8060749936009444,5.142943094763707,2
955,6.732514999485092,7.231300146192632,2
956,5.638051101440757,5.500844474944457,2
957,3.1989422658472613,4.457326200265978,2
958,4.212216248091761,4.379152401748884,2
959,4.83185618141521,4.527909422302873,2
960,3.020700189624212,5.7479102561175335,2
961,3.9272569742601933,5.239246864111149,2
962,7.0740826697499735,4.080615408413577,2
963,2.4697124772536703,4.713995778119889,2
964,6.100959634998571,6.958347454220593,2
965,3.7704504055475834,5.496699223236522,2
966,4.5346895432199466,4.894051645695864,2
967,7.644343347017035,3.497029671604847,2
968,5.253739661494573,5.467693171765434,2
969,6.085786324939347,5.097983153470896,2
970,5.308050539504102,4.608351432578209,2
971,5.269126941245108,4.656807724502589,2
972,5.6215718898560505,4.630389663956366,2
973,5.377100393902187,4.970737186315022,2
974,6.126050250772169,4.948606276411514,2
975,3.2269675317931186,6.261921500713992,2
976,4.094267699137381,4.34623366135118,2
977,4.404338705956508,6.374438093170817,2
978,2.8643257860213045,8.137748533659995,2
979,6.056056809066051,5.223238914129159,2
980,4.945105999383713,5.285554074857657,2
981,5.521122428379338,5.645215585950057,2
982,5.555604466003448,5.089580681255248,2
983,4.802661579692674,4.848726716346488,2
984,4.805091719647319,6.133770096867065,2
985,5.593556722280862,2.0596113653357198,2
986,5.655900776529761,5.194736194718775,2
987,4.981291243554103,4.611481546911114,2
988,6.124112719986013,5.947526462122858,2
989,4.227122332176391,5.407052287124535,2
990,4.028343265458714,3.6203818352110693,2
991,4.3732827754100345,5.862393472382759,2
992,5.953125045376087,5.513085420097293,2
993,5.725095786847997,5.5161782871149585,2
994,4.3585184047770476,5.431922544673941,2
995,5.800409525227682,5.754291329813574,2
996,6.1889133714746425,5.708303847201064,2
997,5.351448207541583,6.070150238316428,2
998,4.97347874075094,4.118125348772282,2
999,4.836933036056236,4.255097355193551,2
