x,y,z
-2.0,-2.0,-34.49689459708022
-2.0,-1.9,-38.04173543515513
-2.0,-1.7999999999999998,-30.309608005264117
-2.0,-1.6999999999999997,-28.081545224055162
-2.0,-1.5999999999999996,-33.2184072802401
-2.0,-1.4999999999999996,-27.49784942028758
-2.0,-1.3999999999999995,-28.638393899848225
-2.0,-1.2999999999999994,-32.83541796953924
-2.0,-1.1999999999999993,-28.392059249440713
-2.0,-1.0999999999999992,-24.634422799719623
-2.0,-0.9999999999999991,-20.563060532956563
-2.0,-0.899999999999999,-26.948654967000465
-2.0,-0.7999999999999989,-26.26464277140279
-2.0,-0.6999999999999988,-22.17346944860735
-2.0,-0.5999999999999988,-24.575229248653734
-2.0,-0.49999999999999867,-14.677265723861854
-2.0,-0.3999999999999986,-20.987349973606868
-2.0,-0.2999999999999985,-21.87959108680181
-2.0,-0.1999999999999984,-14.647220629722241
-2.0,-0.09999999999999831,-11.26676904958332
-2.0,1.7763568394002505e-15,-18.71000656112354
-2.0,0.10000000000000187,-12.95525799567452
-2.0,0.20000000000000195,-10.391628277384395
-2.0,0.30000000000000204,-9.96960140100698
-2.0,0.40000000000000213,-10.923058906442838
-2.0,0.5000000000000022,-11.087581164188737
-2.0,0.6000000000000023,-8.87533215225914
-2.0,0.7000000000000024,-3.5759898537822874
-2.0,0.8000000000000025,-5.140799241827584
-2.0,0.9000000000000026,-1.4381818374338673
-2.0,1.0000000000000027,-5.343155227813114
-2.0,1.1000000000000028,-3.39560594006497
-2.0,1.2000000000000028,-5.08766661243323
-2.0,1.300000000000003,-1.8825352321752606
-2.0,1.400000000000003,5.395759543940524
-2.0,1.500000000000003,3.525160604041413
-2.0,1.6000000000000032,-0.8091247758439142
-2.0,1.7000000000000033,4.520891722445066
-2.0,1.8000000000000034,1.522116288767152
-2.0,1.9000000000000035,7.438692835521276
-1.9,-2.0,-30.753232508621444
-1.9,-1.9,-35.43926920430629
-1.9,-1.7999999999999998,-33.42600085590042
-1.9,-1.6999999999999997,-27.845811992177524
-1.9,-1.5999999999999996,-25.625990598561547
-1.9,-1.4999999999999996,-34.02708038753065
-1.9,-1.3999999999999995,-29.16766491186949
-1.9,-1.2999999999999994,-27.17344055915187
-1.9,-1.1999999999999993,-23.004018906402774
-1.9,-1.0999999999999992,-29.095003009257436
-1.9,-0.9999999999999991,-23.14036188966003
-1.9,-0.899999999999999,-22.290320443193515
-1.9,-0.7999999999999989,-17.392501111794985
-1.9,-0.6999999999999988,-25.328255261575578
-1.9,-0.5999999999999988,-15.357216899831483
-1.9,-0.49999999999999867,-19.06953828744058
-1.9,-0.3999999999999986,-15.469163730066533
-1.9,-0.2999999999999985,-12.371215892188417
-1.9,-0.1999999999999984,-10.33721211576788
-1.9,-0.09999999999999831,-11.594572700403376
-1.9,1.7763568394002505e-15,-8.781917961293912
-1.9,0.10000000000000187,-11.195494331498692
-1.9,0.20000000000000195,-7.615664584172526
-1.9,0.30000000000000204,-5.89487219443507
-1.9,0.40000000000000213,-9.593036546931618
-1.9,0.5000000000000022,-10.547560382976254
-1.9,0.6000000000000023,-7.555607741620722
-1.9,0.7000000000000024,-1.4567646422319793
-1.9,0.8000000000000025,-0.33626420944404245
-1.9,0.9000000000000026,-5.5959870870480986
-1.9,1.0000000000000027,-5.621648664666935
-1.9,1.1000000000000028,2.1024051016295147
-1.9,1.2000000000000028,-0.36720496977073225
-1.9,1.300000000000003,-1.6800310176794757
-1.9,1.400000000000003,-1.4434291843781413
-1.9,1.500000000000003,-1.605236321344247
-1.9,1.6000000000000032,4.038384746228385
-1.9,1.7000000000000033,2.0413827617434004
-1.9,1.8000000000000034,1.266301516123199
-1.9,1.9000000000000035,10.121407966052969
-1.7999999999999998,-2.0,-30.385872089174512
-1.7999999999999998,-1.9,-36.201550712407354
-1.7999999999999998,-1.7999999999999998,-30.298397629619974
-1.7999999999999998,-1.6999999999999997,-30.61956126061551
-1.7999999999999998,-1.5999999999999996,-30.478687610652262
-1.7999999999999998,-1.4999999999999996,-31.844339280219252
-1.7999999999999998,-1.3999999999999995,-26.96551305700228
-1.7999999999999998,-1.2999999999999994,-25.21185028535555
-1.7999999999999998,-1.1999999999999993,-24.63888959450573
-1.7999999999999998,-1.0999999999999992,-27.45024341893679
-1.7999999999999998,-0.9999999999999991,-18.815878033593542
-1.7999999999999998,-0.899999999999999,-17.532768062062907
-1.7999999999999998,-0.7999999999999989,-22.10931229722323
-1.7999999999999998,-0.6999999999999988,-23.2007900333694
-1.7999999999999998,-0.5999999999999988,-20.758682135037766
-1.7999999999999998,-0.49999999999999867,-18.203483994893823
-1.7999999999999998,-0.3999999999999986,-18.86178992513332
-1.7999999999999998,-0.2999999999999985,-19.48335636019678
-1.7999999999999998,-0.1999999999999984,-11.39241793580721
-1.7999999999999998,-0.09999999999999831,-11.322005827272646
-1.7999999999999998,1.7763568394002505e-15,-16.340611552970323
-1.7999999999999998,0.10000000000000187,-12.388151365240374
-1.7999999999999998,0.20000000000000195,-9.346900103962865
-1.7999999999999998,0.30000000000000204,-8.14367614832949
-1.7999999999999998,0.40000000000000213,-9.466937538149843
-1.7999999999999998,0.5000000000000022,-4.617290611852019
-1.7999999999999998,0.6000000000000023,-7.0800705341820915
-1.7999999999999998,0.7000000000000024,-4.704237674241519
-1.7999999999999998,0.8000000000000025,-0.5171982697084818
-1.7999999999999998,0.9000000000000026,-1.8092466118037436
-1.7999999999999998,1.0000000000000027,-0.22687990873020158
-1.7999999999999998,1.1000000000000028,-0.9484651077880581
-1.7999999999999998,1.2000000000000028,-3.699157200048947
-1.7999999999999998,1.300000000000003,6.1144813137555385
-1.7999999999999998,1.400000000000003,4.245856410865642
-1.7999999999999998,1.500000000000003,4.549745905400531
-1.7999999999999998,1.6000000000000032,5.693131900600658
-1.7999999999999998,1.7000000000000033,3.1755089615732355
-1.7999999999999998,1.8000000000000034,9.802843858554597
-1.7999999999999998,1.9000000000000035,7.365668628512626
-1.6999999999999997,-2.0,-37.01143629399345
-1.6999999999999997,-1.9,-35.64881716291092
-1.6999999999999997,-1.7999999999999998,-30.674690990353557
-1.6999999999999997,-1.6999999999999997,-29.040606151814636
-1.6999999999999997,-1.5999999999999996,-32.313622531039364
-1.6999999999999997,-1.4999999999999996,-23.243824806346105
-1.6999999999999997,-1.3999999999999995,-27.816817219672576
-1.6999999999999997,-1.2999999999999994,-22.31657735531568
-1.6999999999999997,-1.1999999999999993,-25.22549365364803
-1.6999999999999997,-1.0999999999999992,-24.886542654974093
-1.6999999999999997,-0.9999999999999991,-17.709458804805177
-1.6999999999999997,-0.899999999999999,-21.515178990025213
-1.6999999999999997,-0.7999999999999989,-24.536152172906007
-1.6999999999999997,-0.6999999999999988,-17.290371921662757
-1.6999999999999997,-0.5999999999999988,-17.283735940292388
-1.6999999999999997,-0.49999999999999867,-13.611262765819069
-1.6999999999999997,-0.3999999999999986,-19.482645152629143
-1.6999999999999997,-0.2999999999999985,-15.3458077026995
-1.6999999999999997,-0.1999999999999984,-12.341279875504611
-1.6999999999999997,-0.09999999999999831,-13.820032597463406
-1.6999999999999997,1.7763568394002505e-15,-14.140931098251698
-1.6999999999999997,0.10000000000000187,-9.172609233713931
-1.6999999999999997,0.20000000000000195,-8.637503175583452
-1.6999999999999997,0.30000000000000204,-10.075285808201834
-1.6999999999999997,0.40000000000000213,-11.815749894110652
-1.6999999999999997,0.5000000000000022,-2.972522506936315
-1.6999999999999997,0.6000000000000023,-2.334134832154702
-1.6999999999999997,0.7000000000000024,-0.975985170528304
-1.6999999999999997,0.8000000000000025,-2.511155080427483
-1.6999999999999997,0.9000000000000026,3.353161744676555
-1.6999999999999997,1.0000000000000027,2.5470343367088244
-1.6999999999999997,1.1000000000000028,2.1999358757060232
-1.6999999999999997,1.2000000000000028,3.0694553515935277
-1.6999999999999997,1.300000000000003,7.632598032159503
-1.6999999999999997,1.400000000000003,1.0440185476717148
-1.6999999999999997,1.500000000000003,9.783121751739271
-1.6999999999999997,1.6000000000000032,1.7661044404329078
-1.6999999999999997,1.7000000000000033,8.74754720232295
-1.6999999999999997,1.8000000000000034,10.382952043536935
-1.6999999999999997,1.9000000000000035,5.517017761827794
-1.5999999999999996,-2.0,-30.220633157637398
-1.5999999999999996,-1.9,-34.74079107334169
-1.5999999999999996,-1.7999999999999998,-30.746028475966895
-1.5999999999999996,-1.6999999999999997,-27.84808466211723
-1.5999999999999996,-1.5999999999999996,-22.58061974497464
-1.5999999999999996,-1.4999999999999996,-21.946161723449748
-1.5999999999999996,-1.3999999999999995,-23.04381193841489
-1.5999999999999996,-1.2999999999999994,-23.996113932949434
-1.5999999999999996,-1.1999999999999993,-19.11826493443899
-1.5999999999999996,-1.0999999999999992,-20.58329039813617
-1.5999999999999996,-0.9999999999999991,-17.437937988502572
-1.5999999999999996,-0.899999999999999,-16.625162127083602
-1.5999999999999996,-0.7999999999999989,-18.005841401728247
-1.5999999999999996,-0.6999999999999988,-13.664550380862496
-1.5999999999999996,-0.5999999999999988,-12.850847830646245
-1.5999999999999996,-0.49999999999999867,-16.9104347332493
-1.5999999999999996,-0.3999999999999986,-10.423516481318709
-1.5999999999999996,-0.2999999999999985,-11.435771673616507
-1.5999999999999996,-0.1999999999999984,-12.012672948877803
-1.5999999999999996,-0.09999999999999831,-13.006727993974756
-1.5999999999999996,1.7763568394002505e-15,-9.19914890349521
-1.5999999999999996,0.10000000000000187,-9.334952047893559
-1.5999999999999996,0.20000000000000195,-7.8859219329739165
-1.5999999999999996,0.30000000000000204,-7.149865805381416
-1.5999999999999996,0.40000000000000213,-7.876853999169118
-1.5999999999999996,0.5000000000000022,-4.929404928288221
-1.5999999999999996,0.6000000000000023,-5.259700150503001
-1.5999999999999996,0.7000000000000024,-2.5442086700468733
-1.5999999999999996,0.8000000000000025,2.7004801375560126
-1.5999999999999996,0.9000000000000026,2.8791141237505498
-1.5999999999999996,1.0000000000000027,-0.680868429140455
-1.5999999999999996,1.1000000000000028,4.868277416431258
-1.5999999999999996,1.2000000000000028,0.24397086778105193
-1.5999999999999996,1.300000000000003,6.503915682181775
-1.5999999999999996,1.400000000000003,6.210999941347265
-1.5999999999999996,1.500000000000003,2.320325390893074
-1.5999999999999996,1.6000000000000032,7.293328675012191
-1.5999999999999996,1.7000000000000033,5.945451510924862
-1.5999999999999996,1.8000000000000034,13.804700053649569
-1.5999999999999996,1.9000000000000035,13.793675226861364
-1.4999999999999996,-2.0,-33.01716626371752
-1.4999999999999996,-1.9,-33.611054623929334
-1.4999999999999996,-1.7999999999999998,-31.937218179623237
-1.4999999999999996,-1.6999999999999997,-24.08450314773507
-1.4999999999999996,-1.5999999999999996,-25.499849152056683
-1.4999999999999996,-1.4999999999999996,-26.576243096142356
-1.4999999999999996,-1.3999999999999995,-26.563007463805874
-1.4999999999999996,-1.2999999999999994,-25.43599130195402
-1.4999999999999996,-1.1999999999999993,-24.166197999554296
-1.4999999999999996,-1.0999999999999992,-22.842175835056985
-1.4999999999999996,-0.9999999999999991,-20.612722576945046
-1.4999999999999996,-0.899999999999999,-14.713825705125453
-1.4999999999999996,-0.7999999999999989,-13.61686430808152
-1.4999999999999996,-0.6999999999999988,-19.30730259026943
-1.4999999999999996,-0.5999999999999988,-20.39381858788553
-1.4999999999999996,-0.49999999999999867,-11.870995791960961
-1.4999999999999996,-0.3999999999999986,-8.684458161796675
-1.4999999999999996,-0.2999999999999985,-13.876252814172434
-1.4999999999999996,-0.1999999999999984,-8.509750379610454
-1.4999999999999996,-0.09999999999999831,-15.053752346876461
-1.4999999999999996,1.7763568394002505e-15,-11.293301448243579
-1.4999999999999996,0.10000000000000187,-9.45228106163199
-1.4999999999999996,0.20000000000000195,-9.540784108893956
-1.4999999999999996,0.30000000000000204,-2.8434116809012355
-1.4999999999999996,0.40000000000000213,-2.6739372703235667
-1.4999999999999996,0.5000000000000022,-3.2827050231821
-1.4999999999999996,0.6000000000000023,-0.12208281416944011
-1.4999999999999996,0.7000000000000024,-5.50572620166639
-1.4999999999999996,0.8000000000000025,0.09732161787666094
-1.4999999999999996,0.9000000000000026,-0.7318448275667109
-1.4999999999999996,1.0000000000000027,4.402915826847128
-1.4999999999999996,1.1000000000000028,3.332694260691316
-1.4999999999999996,1.2000000000000028,-1.0363706301844773
-1.4999999999999996,1.300000000000003,4.069222948543408
-1.4999999999999996,1.400000000000003,2.6792848193732253
-1.4999999999999996,1.500000000000003,3.7745747399460927
-1.4999999999999996,1.6000000000000032,12.279122433863495
-1.4999999999999996,1.7000000000000033,8.02991769922963
-1.4999999999999996,1.8000000000000034,6.569673280497198
-1.4999999999999996,1.9000000000000035,14.77444723467871
-1.3999999999999995,-2.0,-31.761081719799073
-1.3999999999999995,-1.9,-28.86977738156842
-1.3999999999999995,-1.7999999999999998,-28.78032546737497
-1.3999999999999995,-1.6999999999999997,-29.17983551640037
-1.3999999999999995,-1.5999999999999996,-26.023967444673385
-1.3999999999999995,-1.4999999999999996,-21.174057869435522
-1.3999999999999995,-1.3999999999999995,-28.1970519418801
-1.3999999999999995,-1.2999999999999994,-24.792743692638
-1.3999999999999995,-1.1999999999999993,-18.59291451289526
-1.3999999999999995,-1.0999999999999992,-19.828099699436002
-1.3999999999999995,-0.9999999999999991,-15.287889725864519
-1.3999999999999995,-0.899999999999999,-22.44854452882982
-1.3999999999999995,-0.7999999999999989,-14.813238707938982
-1.3999999999999995,-0.6999999999999988,-13.292628824084913
-1.3999999999999995,-0.5999999999999988,-17.57157104647085
-1.3999999999999995,-0.49999999999999867,-10.14446722931222
-1.3999999999999995,-0.3999999999999986,-10.409455274472737
-1.3999999999999995,-0.2999999999999985,-13.288201295059876
-1.3999999999999995,-0.1999999999999984,-14.544365190224955
-1.3999999999999995,-0.09999999999999831,-8.490656680419495
-1.3999999999999995,1.7763568394002505e-15,-8.165119056925944
-1.3999999999999995,0.10000000000000187,-8.562448082444975
-1.3999999999999995,0.20000000000000195,-9.955860050481673
-1.3999999999999995,0.30000000000000204,-2.5319657759353866
-1.3999999999999995,0.40000000000000213,-1.626906425816573
-1.3999999999999995,0.5000000000000022,-4.311023622917745
-1.3999999999999995,0.6000000000000023,-5.698036697904463
-1.3999999999999995,0.7000000000000024,2.399201352228083
-1.3999999999999995,0.8000000000000025,-3.4017067179346014
-1.3999999999999995,0.9000000000000026,4.943232398766424
-1.3999999999999995,1.0000000000000027,-2.436399969019847
-1.3999999999999995,1.1000000000000028,3.613449753878591
-1.3999999999999995,1.2000000000000028,0.7200452724278008
-1.3999999999999995,1.300000000000003,4.348485651225408
-1.3999999999999995,1.400000000000003,2.9780072864408895
-1.3999999999999995,1.500000000000003,12.428547585735446
-1.3999999999999995,1.6000000000000032,8.870572751084582
-1.3999999999999995,1.7000000000000033,12.072983465675412
-1.3999999999999995,1.8000000000000034,12.208259810137495
-1.3999999999999995,1.9000000000000035,13.867795508796698
-1.2999999999999994,-2.0,-23.73732738135316
-1.2999999999999994,-1.9,-25.928006811002085
-1.2999999999999994,-1.7999999999999998,-30.826251074921935
-1.2999999999999994,-1.6999999999999997,-27.263160647859234
-1.2999999999999994,-1.5999999999999996,-19.447725744188563
-1.2999999999999994,-1.4999999999999996,-21.52130162596388
-1.2999999999999994,-1.3999999999999995,-17.491910109988797
-1.2999999999999994,-1.2999999999999994,-17.73000890808995
-1.2999999999999994,-1.1999999999999993,-24.27690114224033
-1.2999999999999994,-1.0999999999999992,-17.919437894077927
-1.2999999999999994,-0.9999999999999991,-22.449469878855627
-1.2999999999999994,-0.899999999999999,-18.640627828930874
-1.2999999999999994,-0.7999999999999989,-15.91722321330341
-1.2999999999999994,-0.6999999999999988,-10.493805924480473
-1.2999999999999994,-0.5999999999999988,-15.97802452446004
-1.2999999999999994,-0.49999999999999867,-10.527949493076852
-1.2999999999999994,-0.3999999999999986,-8.013719153456199
-1.2999999999999994,-0.2999999999999985,-8.869949801403084
-1.2999999999999994,-0.1999999999999984,-9.936226165250542
-1.2999999999999994,-0.09999999999999831,-5.196112718531877
-1.2999999999999994,1.7763568394002505e-15,-11.970419268453913
-1.2999999999999994,0.10000000000000187,-6.656968580326296
-1.2999999999999994,0.20000000000000195,-7.041066727039778
-1.2999999999999994,0.30000000000000204,-2.0154951110932533
-1.2999999999999994,0.40000000000000213,0.20011945995569036
-1.2999999999999994,0.5000000000000022,-2.213964399125153
-1.2999999999999994,0.6000000000000023,-3.9318838262612124
-1.2999999999999994,0.7000000000000024,-0.2726085387297097
-1.2999999999999994,0.8000000000000025,2.9770131539024502
-1.2999999999999994,0.9000000000000026,4.810149318084535
-1.2999999999999994,1.0000000000000027,5.236774665460842
-1.2999999999999994,1.1000000000000028,1.0133531500893167
-1.2999999999999994,1.2000000000000028,9.960952327834326
-1.2999999999999994,1.300000000000003,3.2943213815841865
-1.2999999999999994,1.400000000000003,4.133922738967052
-1.2999999999999994,1.500000000000003,5.64297601686804
-1.2999999999999994,1.6000000000000032,10.060309906986014
-1.2999999999999994,1.7000000000000033,11.675126165926747
-1.2999999999999994,1.8000000000000034,12.458431347482417
-1.2999999999999994,1.9000000000000035,15.847115039699329
-1.1999999999999993,-2.0,-26.69731027909652
-1.1999999999999993,-1.9,-29.63002434986096
-1.1999999999999993,-1.7999999999999998,-24.099332725490846
-1.1999999999999993,-1.6999999999999997,-21.525641996728908
-1.1999999999999993,-1.5999999999999996,-22.04557108366855
-1.1999999999999993,-1.4999999999999996,-19.964745529290443
-1.1999999999999993,-1.3999999999999995,-18.670544747963383
-1.1999999999999993,-1.2999999999999994,-20.438084337718465
-1.1999999999999993,-1.1999999999999993,-20.09082660461309
-1.1999999999999993,-1.0999999999999992,-22.358656563298304
-1.1999999999999993,-0.9999999999999991,-19.87217900495352
-1.1999999999999993,-0.899999999999999,-11.030754027472565
-1.1999999999999993,-0.7999999999999989,-13.545662915046744
-1.1999999999999993,-0.6999999999999988,-10.480267034200143
-1.1999999999999993,-0.5999999999999988,-14.348621753746453
-1.1999999999999993,-0.49999999999999867,-13.903277793952022
-1.1999999999999993,-0.3999999999999986,-13.002631581638818
-1.1999999999999993,-0.2999999999999985,-6.965090618098833
-1.1999999999999993,-0.1999999999999984,-10.559133173206286
-1.1999999999999993,-0.09999999999999831,-8.447291037245128
-1.1999999999999993,1.7763568394002505e-15,-8.873402615126313
-1.1999999999999993,0.10000000000000187,-6.676615346415636
-1.1999999999999993,0.20000000000000195,0.10224256334618431
-1.1999999999999993,0.30000000000000204,-5.099506684533903
-1.1999999999999993,0.40000000000000213,-6.486840417773149
-1.1999999999999993,0.5000000000000022,-5.113188070485462
-1.1999999999999993,0.6000000000000023,2.421746320376827
-1.1999999999999993,0.7000000000000024,4.656879043307006
-1.1999999999999993,0.8000000000000025,-1.855914336177971
-1.1999999999999993,0.9000000000000026,6.201339930168555
-1.1999999999999993,1.0000000000000027,5.102478147249544
-1.1999999999999993,1.1000000000000028,6.032140468433285
-1.1999999999999993,1.2000000000000028,3.5495736875808728
-1.1999999999999993,1.300000000000003,8.289627477616612
-1.1999999999999993,1.400000000000003,8.355349391659924
-1.1999999999999993,1.500000000000003,8.913118173085339
-1.1999999999999993,1.6000000000000032,7.84269579937166
-1.1999999999999993,1.7000000000000033,9.536349960971135
-1.1999999999999993,1.8000000000000034,12.48549418039563
-1.1999999999999993,1.9000000000000035,17.011508151194995
-1.0999999999999992,-2.0,-30.44837994483881
-1.0999999999999992,-1.9,-26.726981182400817
-1.0999999999999992,-1.7999999999999998,-28.317286693507437
-1.0999999999999992,-1.6999999999999997,-26.525069640924414
-1.0999999999999992,-1.5999999999999996,-21.132061986640913
-1.0999999999999992,-1.4999999999999996,-18.6817668177313
-1.0999999999999992,-1.3999999999999995,-16.21699607556115
-1.0999999999999992,-1.2999999999999994,-20.472168465686764
-1.0999999999999992,-1.1999999999999993,-20.933900254978383
-1.0999999999999992,-1.0999999999999992,-15.403405915350932
-1.0999999999999992,-0.9999999999999991,-14.202735102398826
-1.0999999999999992,-0.899999999999999,-16.42102397838895
-1.0999999999999992,-0.7999999999999989,-10.269185652807698
-1.0999999999999992,-0.6999999999999988,-12.441366762261756
-1.0999999999999992,-0.5999999999999988,-8.22131755282861
-1.0999999999999992,-0.49999999999999867,-12.457227203268575
-1.0999999999999992,-0.3999999999999986,-12.38394970612149
-1.0999999999999992,-0.2999999999999985,-5.025391973861488
-1.0999999999999992,-0.1999999999999984,-2.9780645613016894
-1.0999999999999992,-0.09999999999999831,-7.829092149846671
-1.0999999999999992,1.7763568394002505e-15,-5.208522037274228
-1.0999999999999992,0.10000000000000187,-9.290757750369618
-1.0999999999999992,0.20000000000000195,0.6976078759306237
-1.0999999999999992,0.30000000000000204,0.2752652552240189
-1.0999999999999992,0.40000000000000213,-2.9198845660905306
-1.0999999999999992,0.5000000000000022,-3.0966383708136735
-1.0999999999999992,0.6000000000000023,-2.114007978070251
-1.0999999999999992,0.7000000000000024,-1.0463319217396707
-1.0999999999999992,0.8000000000000025,-1.8880489422488091
-1.0999999999999992,0.9000000000000026,4.959913127756812
-1.0999999999999992,1.0000000000000027,9.181300090170186
-1.0999999999999992,1.1000000000000028,7.5091036245499625
-1.0999999999999992,1.2000000000000028,4.713738178305055
-1.0999999999999992,1.300000000000003,5.882769155421344
-1.0999999999999992,1.400000000000003,11.501712572775368
-1.0999999999999992,1.500000000000003,12.939045367148577
-1.0999999999999992,1.6000000000000032,14.272945713147445
-1.0999999999999992,1.7000000000000033,9.108887607674532
-1.0999999999999992,1.8000000000000034,11.684550827298255
-1.0999999999999992,1.9000000000000035,16.18628887656064
-0.9999999999999991,-2.0,-27.089932390574848
-0.9999999999999991,-1.9,-29.699906841277166
-0.9999999999999991,-1.7999999999999998,-21.711032231027236
-0.9999999999999991,-1.6999999999999997,-20.941191670263528
-0.9999999999999991,-1.5999999999999996,-23.64681484217302
-0.9999999999999991,-1.4999999999999996,-18.318100756422524
-0.9999999999999991,-1.3999999999999995,-20.0796463847877
-0.9999999999999991,-1.2999999999999994,-22.71757580885927
-0.9999999999999991,-1.1999999999999993,-18.652644392802458
-0.9999999999999991,-1.0999999999999992,-13.454645231296336
-0.9999999999999991,-0.9999999999999991,-17.83365477194479
-0.9999999999999991,-0.899999999999999,-18.083444363877422
-0.9999999999999991,-0.7999999999999989,-13.737962152728656
-0.9999999999999991,-0.6999999999999988,-15.700434707527858
-0.9999999999999991,-0.5999999999999988,-14.685240365991852
-0.9999999999999991,-0.49999999999999867,-13.658138050523092
-0.9999999999999991,-0.3999999999999986,-10.481242217551
-0.9999999999999991,-0.2999999999999985,-12.198730926910248
-0.9999999999999991,-0.1999999999999984,-5.531190707934275
-0.9999999999999991,-0.09999999999999831,-3.8414668613611447
-0.9999999999999991,1.7763568394002505e-15,-6.561566607268096
-0.9999999999999991,0.10000000000000187,-5.600036737561002
-0.9999999999999991,0.20000000000000195,-3.201585937125861
-0.9999999999999991,0.30000000000000204,-3.042533422670623
-0.9999999999999991,0.40000000000000213,-2.9538812476517022
-0.9999999999999991,0.5000000000000022,1.1316385046116846
-0.9999999999999991,0.6000000000000023,5.6634728811612485
-0.9999999999999991,0.7000000000000024,0.3273952644100766
-0.9999999999999991,0.8000000000000025,0.8659398758540122
-0.9999999999999991,0.9000000000000026,6.950420800602095
-0.9999999999999991,1.0000000000000027,6.948093926930695
-0.9999999999999991,1.1000000000000028,6.525677083320595
-0.9999999999999991,1.2000000000000028,3.9636119930075626
-0.9999999999999991,1.300000000000003,5.720430568048261
-0.9999999999999991,1.400000000000003,6.412627451345419
-0.9999999999999991,1.500000000000003,8.286371130628252
-0.9999999999999991,1.6000000000000032,13.636647046505622
-0.9999999999999991,1.7000000000000033,10.2021844580165
-0.9999999999999991,1.8000000000000034,18.97724099306552
-0.9999999999999991,1.9000000000000035,14.269233514697586
-0.899999999999999,-2.0,-21.940356259441195
-0.899999999999999,-1.9,-21.027559130916526
-0.899999999999999,-1.7999999999999998,-27.056502144215916
-0.899999999999999,-1.6999999999999997,-19.64631441699043
-0.899999999999999,-1.5999999999999996,-24.202292931350495
-0.899999999999999,-1.4999999999999996,-15.165750479229388
-0.899999999999999,-1.3999999999999995,-21.223758673706506
-0.899999999999999,-1.2999999999999994,-16.722718730336595
-0.899999999999999,-1.1999999999999993,-20.390592452873715
-0.899999999999999,-1.0999999999999992,-17.39349332547811
-0.899999999999999,-0.9999999999999991,-11.410418992014462
-0.899999999999999,-0.899999999999999,-14.177810899003948
-0.899999999999999,-0.7999999999999989,-9.39042948675572
-0.899999999999999,-0.6999999999999988,-7.439961510383251
-0.899999999999999,-0.5999999999999988,-13.487619670633466
-0.899999999999999,-0.49999999999999867,-10.216611208678081
-0.899999999999999,-0.3999999999999986,-7.631475915524397
-0.899999999999999,-0.2999999999999985,-3.025627938558223
-0.899999999999999,-0.1999999999999984,-7.4715570267221825
-0.899999999999999,-0.09999999999999831,-5.529292445027551
-0.899999999999999,1.7763568394002505e-15,1.3252567428790307
-0.899999999999999,0.10000000000000187,1.5393327258685536
-0.899999999999999,0.20000000000000195,-1.087602206484254
-0.899999999999999,0.30000000000000204,-2.150632448404766
-0.899999999999999,0.40000000000000213,-2.3447598088430492
-0.899999999999999,0.5000000000000022,1.3383153177355207
-0.899999999999999,0.6000000000000023,7.84183087269882
-0.899999999999999,0.7000000000000024,8.53282562522707
-0.899999999999999,0.8000000000000025,8.278265693987167
-0.899999999999999,0.9000000000000026,5.820706691715183
-0.899999999999999,1.0000000000000027,6.535067463408648
-0.899999999999999,1.1000000000000028,10.42736678003221
-0.899999999999999,1.2000000000000028,12.308815846217446
-0.899999999999999,1.300000000000003,8.742295212169104
-0.899999999999999,1.400000000000003,13.390043461020564
-0.899999999999999,1.500000000000003,7.729705402725442
-0.899999999999999,1.6000000000000032,13.434553551590493
-0.899999999999999,1.7000000000000033,16.46647737409424
-0.899999999999999,1.8000000000000034,15.89978254079372
-0.899999999999999,1.9000000000000035,13.047005166224004
-0.7999999999999989,-2.0,-21.732187102696525
-0.7999999999999989,-1.9,-22.737635168974005
-0.7999999999999989,-1.7999999999999998,-25.187345853024432
-0.7999999999999989,-1.6999999999999997,-24.552247482541425
-0.7999999999999989,-1.5999999999999996,-14.7223005211584
-0.7999999999999989,-1.4999999999999996,-14.739345355863662
-0.7999999999999989,-1.3999999999999995,-20.200463089355075
-0.7999999999999989,-1.2999999999999994,-16.85952783821226
-0.7999999999999989,-1.1999999999999993,-13.45896143346066
-0.7999999999999989,-1.0999999999999992,-15.607934241907358
-0.7999999999999989,-0.9999999999999991,-12.499928412575038
-0.7999999999999989,-0.899999999999999,-10.955348867167576
-0.7999999999999989,-0.7999999999999989,-12.52819734370264
-0.7999999999999989,-0.6999999999999988,-12.88678527863657
-0.7999999999999989,-0.5999999999999988,-12.377667920066113
-0.7999999999999989,-0.49999999999999867,-7.6966744687272195
-0.7999999999999989,-0.3999999999999986,-5.890681989199934
-0.7999999999999989,-0.2999999999999985,-4.4568193016954085
-0.7999999999999989,-0.1999999999999984,-5.692727777491627
-0.7999999999999989,-0.09999999999999831,-2.6999917620165164
-0.7999999999999989,1.7763568394002505e-15,1.0467802683362333
-0.7999999999999989,0.10000000000000187,-6.316862427451014
-0.7999999999999989,0.20000000000000195,-2.627714803475392
-0.7999999999999989,0.30000000000000204,-3.211701682957626
-0.7999999999999989,0.40000000000000213,-1.7293418504667637
-0.7999999999999989,0.5000000000000022,2.7391763775180453
-0.7999999999999989,0.6000000000000023,2.811864915208453
-0.7999999999999989,0.7000000000000024,0.5279446097351065
-0.7999999999999989,0.8000000000000025,9.490982646562514
-0.7999999999999989,0.9000000000000026,5.184318539417395
-0.7999999999999989,1.0000000000000027,11.267808277526406
-0.7999999999999989,1.1000000000000028,8.453555310163345
-0.7999999999999989,1.2000000000000028,10.23207194046929
-0.7999999999999989,1.300000000000003,14.929253817862636
-0.7999999999999989,1.400000000000003,10.92250936928324
-0.7999999999999989,1.500000000000003,10.465233368371155
-0.7999999999999989,1.6000000000000032,18.11049422031175
-0.7999999999999989,1.7000000000000033,18.590996970983422
-0.7999999999999989,1.8000000000000034,13.982258786435914
-0.7999999999999989,1.9000000000000035,14.109516888358938
-0.6999999999999988,-2.0,-26.29612089910295
-0.6999999999999988,-1.9,-23.410848237110898
-0.6999999999999988,-1.7999999999999998,-24.523970687654973
-0.6999999999999988,-1.6999999999999997,-20.850002662614646
-0.6999999999999988,-1.5999999999999996,-15.306093630704817
-0.6999999999999988,-1.4999999999999996,-12.814721096306661
-0.6999999999999988,-1.3999999999999995,-12.351779073895356
-0.6999999999999988,-1.2999999999999994,-14.205555815470092
-0.6999999999999988,-1.1999999999999993,-18.216187764820575
-0.6999999999999988,-1.0999999999999992,-18.374521895666582
-0.6999999999999988,-0.9999999999999991,-8.919889685729862
-0.6999999999999988,-0.899999999999999,-13.703067767269467
-0.6999999999999988,-0.7999999999999989,-11.353256613055018
-0.6999999999999988,-0.6999999999999988,-6.107707698261926
-0.6999999999999988,-0.5999999999999988,-7.472271884534594
-0.6999999999999988,-0.49999999999999867,-11.070448506119321
-0.6999999999999988,-0.3999999999999986,-3.08110950360268
-0.6999999999999988,-0.2999999999999985,-5.166116635522847
-0.6999999999999988,-0.1999999999999984,-4.029832538417642
-0.6999999999999988,-0.09999999999999831,1.833597765075961
-0.6999999999999988,1.7763568394002505e-15,1.4625015923689162
-0.6999999999999988,0.10000000000000187,1.2847220110800155
-0.6999999999999988,0.20000000000000195,-3.1383427425935975
-0.6999999999999988,0.30000000000000204,1.7148371254004946
-0.6999999999999988,0.40000000000000213,5.944153917869453
-0.6999999999999988,0.5000000000000022,5.797779196407858
-0.6999999999999988,0.6000000000000023,8.793853263743895
-0.6999999999999988,0.7000000000000024,10.613459178362506
-0.6999999999999988,0.8000000000000025,6.0465372781139015
-0.6999999999999988,0.9000000000000026,8.15273113742105
-0.6999999999999988,1.0000000000000027,10.55365653103732
-0.6999999999999988,1.1000000000000028,14.282220017133566
-0.6999999999999988,1.2000000000000028,14.296762713724634
-0.6999999999999988,1.300000000000003,16.22691781116363
-0.6999999999999988,1.400000000000003,10.269799937588475
-0.6999999999999988,1.500000000000003,18.367620849985364
-0.6999999999999988,1.6000000000000032,13.201467360608605
-0.6999999999999988,1.7000000000000033,20.520294744773587
-0.6999999999999988,1.8000000000000034,18.66571983020637
-0.6999999999999988,1.9000000000000035,20.261741833265866
-0.5999999999999988,-2.0,-21.795652232682905
-0.5999999999999988,-1.9,-17.17769595373851
-0.5999999999999988,-1.7999999999999998,-18.56031494455763
-0.5999999999999988,-1.6999999999999997,-15.51897734099111
-0.5999999999999988,-1.5999999999999996,-20.07024365049968
-0.5999999999999988,-1.4999999999999996,-17.66887230616826
-0.5999999999999988,-1.3999999999999995,-17.063907696948803
-0.5999999999999988,-1.2999999999999994,-19.16310263882109
-0.5999999999999988,-1.1999999999999993,-14.026748750188117
-0.5999999999999988,-1.0999999999999992,-15.858080671741424
-0.5999999999999988,-0.9999999999999991,-15.769913074932688
-0.5999999999999988,-0.899999999999999,-11.268650626272844
-0.5999999999999988,-0.7999999999999989,-10.742677862035862
-0.5999999999999988,-0.6999999999999988,-11.080373757870598
-0.5999999999999988,-0.5999999999999988,-9.155262913403423
-0.5999999999999988,-0.49999999999999867,-4.781385242887755
-0.5999999999999988,-0.3999999999999986,-7.292724237169756
-0.5999999999999988,-0.2999999999999985,-6.556483749219579
-0.5999999999999988,-0.1999999999999984,-4.348971737643479
-0.5999999999999988,-0.09999999999999831,-0.20840557549533756
-0.5999999999999988,1.7763568394002505e-15,-3.2901528046263975
-0.5999999999999988,0.10000000000000187,1.0357929782665032
-0.5999999999999988,0.20000000000000195,-0.8632888624155535
-0.5999999999999988,0.30000000000000204,-2.433906123402289
-0.5999999999999988,0.40000000000000213,1.8569601969524705
-0.5999999999999988,0.5000000000000022,2.568348719339969
-0.5999999999999988,0.6000000000000023,3.3721143250023218
-0.5999999999999988,0.7000000000000024,5.566003059610121
-0.5999999999999988,0.8000000000000025,7.42464441513896
-0.5999999999999988,0.9000000000000026,5.245897550009708
-0.5999999999999988,1.0000000000000027,10.282751815111741
-0.5999999999999988,1.1000000000000028,7.100103817757479
-0.5999999999999988,1.2000000000000028,8.291542609163166
-0.5999999999999988,1.300000000000003,17.19599336288744
-0.5999999999999988,1.400000000000003,16.546705830775945
-0.5999999999999988,1.500000000000003,11.251709434691161
-0.5999999999999988,1.6000000000000032,16.625317706702358
-0.5999999999999988,1.7000000000000033,17.33512428029597
-0.5999999999999988,1.8000000000000034,20.430385805242658
-0.5999999999999988,1.9000000000000035,15.306352063487168
-0.49999999999999867,-2.0,-16.471427022429094
-0.49999999999999867,-1.9,-24.209304112624494
-0.49999999999999867,-1.7999999999999998,-14.519303959560945
-0.49999999999999867,-1.6999999999999997,-13.463648937435936
-0.49999999999999867,-1.5999999999999996,-17.437621366621823
-0.49999999999999867,-1.4999999999999996,-20.71234371224121
-0.49999999999999867,-1.3999999999999995,-12.831635124403356
-0.49999999999999867,-1.2999999999999994,-12.584312346136139
-0.49999999999999867,-1.1999999999999993,-9.129976265700321
-0.49999999999999867,-1.0999999999999992,-10.3703616329062
-0.49999999999999867,-0.9999999999999991,-10.901511404876736
-0.49999999999999867,-0.899999999999999,-8.929924608631929
-0.49999999999999867,-0.7999999999999989,-5.360816471410121
-0.49999999999999867,-0.6999999999999988,-5.583336939333796
-0.49999999999999867,-0.5999999999999988,-5.974501205689906
-0.49999999999999867,-0.49999999999999867,-8.359572734061402
-0.49999999999999867,-0.3999999999999986,-2.251876835280033
-0.49999999999999867,-0.2999999999999985,-4.569576564173292
-0.49999999999999867,-0.1999999999999984,-3.1396056933408403
-0.49999999999999867,-0.09999999999999831,1.2982588245403903
-0.49999999999999867,1.7763568394002505e-15,4.127218888894247
-0.49999999999999867,0.10000000000000187,-2.9869886904659646
-0.49999999999999867,0.20000000000000195,2.0328005200995074
-0.49999999999999867,0.30000000000000204,7.332722691052654
-0.49999999999999867,0.40000000000000213,7.157048855853473
-0.49999999999999867,0.5000000000000022,3.968390884538503
-0.49999999999999867,0.6000000000000023,4.328705288651333
-0.49999999999999867,0.7000000000000024,3.4157486871412557
-0.49999999999999867,0.8000000000000025,4.485701526527889
-0.49999999999999867,0.9000000000000026,10.4090821066019
-0.49999999999999867,1.0000000000000027,11.383111863291981
-0.49999999999999867,1.1000000000000028,9.561889449291705
-0.49999999999999867,1.2000000000000028,11.08246167804318
-0.49999999999999867,1.300000000000003,13.854597317763865
-0.49999999999999867,1.400000000000003,15.80651646137488
-0.49999999999999867,1.500000000000003,20.115393886703394
-0.49999999999999867,1.6000000000000032,14.95168891961538
-0.49999999999999867,1.7000000000000033,15.184135536723897
-0.49999999999999867,1.8000000000000034,19.801129174272372
-0.49999999999999867,1.9000000000000035,22.925097771084765
-0.3999999999999986,-2.0,-24.894027129021012
-0.3999999999999986,-1.9,-15.128345975665187
-0.3999999999999986,-1.7999999999999998,-21.16267281755323
-0.3999999999999986,-1.6999999999999997,-12.600979846016283
-0.3999999999999986,-1.5999999999999996,-16.622994078189656
-0.3999999999999986,-1.4999999999999996,-10.377738693571045
-0.3999999999999986,-1.3999999999999995,-12.841831547897819
-0.3999999999999986,-1.2999999999999994,-9.115120636068305
-0.3999999999999986,-1.1999999999999993,-11.607763285591744
-0.3999999999999986,-1.0999999999999992,-8.344443334234882
-0.3999999999999986,-0.9999999999999991,-10.263414277786453
-0.3999999999999986,-0.899999999999999,-11.756906261853839
-0.3999999999999986,-0.7999999999999989,-10.57205913383453
-0.3999999999999986,-0.6999999999999988,-3.2487000652977684
-0.3999999999999986,-0.5999999999999988,-3.098492931070071
-0.3999999999999986,-0.49999999999999867,-1.590270943409461
-0.3999999999999986,-0.3999999999999986,-3.8590502265992583
-0.3999999999999986,-0.2999999999999985,2.840943463654172
-0.3999999999999986,-0.1999999999999984,-3.8414523948826305
-0.3999999999999986,-0.09999999999999831,-2.089148571739288
-0.3999999999999986,1.7763568394002505e-15,3.5525291290511976
-0.3999999999999986,0.10000000000000187,-1.9241890267969866
-0.3999999999999986,0.20000000000000195,7.261537537344434
-0.3999999999999986,0.30000000000000204,1.1894059898969038
-0.3999999999999986,0.40000000000000213,4.942240988278473
-0.3999999999999986,0.5000000000000022,7.584722585931509
-0.3999999999999986,0.6000000000000023,3.8932205304393945
-0.3999999999999986,0.7000000000000024,6.205186757205031
-0.3999999999999986,0.8000000000000025,7.341982335121508
-0.3999999999999986,0.9000000000000026,12.947502481480608
-0.3999999999999986,1.0000000000000027,7.501375496207116
-0.3999999999999986,1.1000000000000028,16.252053163922348
-0.3999999999999986,1.2000000000000028,9.607524276626219
-0.3999999999999986,1.300000000000003,19.07710169456814
-0.3999999999999986,1.400000000000003,13.233886694474549
-0.3999999999999986,1.500000000000003,12.226677034357746
-0.3999999999999986,1.6000000000000032,19.97504632869922
-0.3999999999999986,1.7000000000000033,16.099184704795128
-0.3999999999999986,1.8000000000000034,20.993322368818404
-0.3999999999999986,1.9000000000000035,21.831662826924862
-0.2999999999999985,-2.0,-20.012330339127573
-0.2999999999999985,-1.9,-17.94301550412683
-0.2999999999999985,-1.7999999999999998,-19.056937214149244
-0.2999999999999985,-1.6999999999999997,-14.368623831200134
-0.2999999999999985,-1.5999999999999996,-12.136846512513479
-0.2999999999999985,-1.4999999999999996,-18.70996793687565
-0.2999999999999985,-1.3999999999999995,-16.79286973276252
-0.2999999999999985,-1.2999999999999994,-10.551646309439283
-0.2999999999999985,-1.1999999999999993,-9.644829328612433
-0.2999999999999985,-1.0999999999999992,-11.70760339700864
-0.2999999999999985,-0.9999999999999991,-5.989698414747122
-0.2999999999999985,-0.899999999999999,-12.339750389375924
-0.2999999999999985,-0.7999999999999989,-5.917572324857073
-0.2999999999999985,-0.6999999999999988,-1.8710926513851032
-0.2999999999999985,-0.5999999999999988,-3.1422144856407916
-0.2999999999999985,-0.49999999999999867,-8.030981005165337
-0.2999999999999985,-0.3999999999999986,-4.723943458987103
-0.2999999999999985,-0.2999999999999985,-1.729957904967625
-0.2999999999999985,-0.1999999999999984,-3.358617497276026
-0.2999999999999985,-0.09999999999999831,5.215200667083826
-0.2999999999999985,1.7763568394002505e-15,5.26809921443704
-0.2999999999999985,0.10000000000000187,7.244739538401458
-0.2999999999999985,0.20000000000000195,0.9124722454358698
-0.2999999999999985,0.30000000000000204,1.6236356440364255
-0.2999999999999985,0.40000000000000213,4.455310244850617
-0.2999999999999985,0.5000000000000022,9.250414759936742
-0.2999999999999985,0.6000000000000023,9.781428192917122
-0.2999999999999985,0.7000000000000024,11.469897138154185
-0.2999999999999985,0.8000000000000025,5.867615259618605
-0.2999999999999985,0.9000000000000026,11.48783798620249
-0.2999999999999985,1.0000000000000027,14.485370501648607
-0.2999999999999985,1.1000000000000028,16.383019463477563
-0.2999999999999985,1.2000000000000028,15.697450614899592
-0.2999999999999985,1.300000000000003,20.659300554076054
-0.2999999999999985,1.400000000000003,12.391730460922076
-0.2999999999999985,1.500000000000003,21.41568817287143
-0.2999999999999985,1.6000000000000032,17.47228724316384
-0.2999999999999985,1.7000000000000033,15.683671194389511
-0.2999999999999985,1.8000000000000034,20.6980591712109
-0.2999999999999985,1.9000000000000035,18.74867805703069
-0.1999999999999984,-2.0,-16.017894256108242
-0.1999999999999984,-1.9,-21.017597254385873
-0.1999999999999984,-1.7999999999999998,-17.465386253876726
-0.1999999999999984,-1.6999999999999997,-17.97244396805505
-0.1999999999999984,-1.5999999999999996,-15.520887283914067
-0.1999999999999984,-1.4999999999999996,-12.272201986069238
-0.1999999999999984,-1.3999999999999995,-7.13140974893089
-0.1999999999999984,-1.2999999999999994,-13.15276195487746
-0.1999999999999984,-1.1999999999999993,-12.055700814463815
-0.1999999999999984,-1.0999999999999992,-6.8838667866684675
-0.1999999999999984,-0.9999999999999991,-8.73232670142739
-0.1999999999999984,-0.899999999999999,-9.126912004492635
-0.1999999999999984,-0.7999999999999989,-8.183608254666893
-0.1999999999999984,-0.6999999999999988,-1.609307990690385
-0.1999999999999984,-0.5999999999999988,-6.421784908187556
-0.1999999999999984,-0.49999999999999867,-3.088553137775434
-0.1999999999999984,-0.3999999999999986,-6.05016060899573
-0.1999999999999984,-0.2999999999999985,-3.5252670006886966
-0.1999999999999984,-0.1999999999999984,4.382145729648567
-0.1999999999999984,-0.09999999999999831,6.46548787569116
-0.1999999999999984,1.7763568394002505e-15,5.849519634859707
-0.1999999999999984,0.10000000000000187,7.9025821395689295
-0.1999999999999984,0.20000000000000195,6.591311865887501
-0.1999999999999984,0.30000000000000204,9.837142065838188
-0.1999999999999984,0.40000000000000213,2.7776711536326824
-0.1999999999999984,0.5000000000000022,6.196244240300431
-0.1999999999999984,0.6000000000000023,7.09429573113181
-0.1999999999999984,0.7000000000000024,7.056736438019984
-0.1999999999999984,0.8000000000000025,16.322007684403836
-0.1999999999999984,0.9000000000000026,17.462343381589317
-0.1999999999999984,1.0000000000000027,15.117000604705808
-0.1999999999999984,1.1000000000000028,10.499423503809616
-0.1999999999999984,1.2000000000000028,14.489651600381555
-0.1999999999999984,1.300000000000003,12.678169213492835
-0.1999999999999984,1.400000000000003,17.443632072739703
-0.1999999999999984,1.500000000000003,19.765127633569325
-0.1999999999999984,1.6000000000000032,24.925275966162467
-0.1999999999999984,1.7000000000000033,20.520957312238455
-0.1999999999999984,1.8000000000000034,22.929103263321746
-0.1999999999999984,1.9000000000000035,25.994834849110763
-0.09999999999999831,-2.0,-15.635360483893477
-0.09999999999999831,-1.9,-17.060754680403555
-0.09999999999999831,-1.7999999999999998,-11.47177442151933
-0.09999999999999831,-1.6999999999999997,-15.735775821711233
-0.09999999999999831,-1.5999999999999996,-10.300438772837959
-0.09999999999999831,-1.4999999999999996,-7.605391313110456
-0.09999999999999831,-1.3999999999999995,-13.194275654388546
-0.09999999999999831,-1.2999999999999994,-13.22920928868695
-0.09999999999999831,-1.1999999999999993,-5.202386424110667
-0.09999999999999831,-1.0999999999999992,-6.147356369216022
-0.09999999999999831,-0.9999999999999991,-9.42827040354626
-0.09999999999999831,-0.899999999999999,-4.505671832513052
-0.09999999999999831,-0.7999999999999989,-3.75713068508003
-0.09999999999999831,-0.6999999999999988,1.2145994768219186
-0.09999999999999831,-0.5999999999999988,-3.874121669416118
-0.09999999999999831,-0.49999999999999867,-0.03654194965910307
-0.09999999999999831,-0.3999999999999986,0.20140383149500973
-0.09999999999999831,-0.2999999999999985,4.500651928700968
-0.09999999999999831,-0.1999999999999984,-1.532302834020755
-0.09999999999999831,-0.09999999999999831,-0.8716467344859038
-0.09999999999999831,1.7763568394002505e-15,3.4343637370290634
-0.09999999999999831,0.10000000000000187,7.905689469381879
-0.09999999999999831,0.20000000000000195,9.07170667752496
-0.09999999999999831,0.30000000000000204,6.257238848335845
-0.09999999999999831,0.40000000000000213,10.33155078900021
-0.09999999999999831,0.5000000000000022,7.810189823079217
-0.09999999999999831,0.6000000000000023,11.114099371992166
-0.09999999999999831,0.7000000000000024,9.307045965514881
-0.09999999999999831,0.8000000000000025,17.46954561341667
-0.09999999999999831,0.9000000000000026,16.546612479084594
-0.09999999999999831,1.0000000000000027,14.069012774297653
-0.09999999999999831,1.1000000000000028,16.49422746174745
-0.09999999999999831,1.2000000000000028,14.226725865061532
-0.09999999999999831,1.300000000000003,17.954790205329466
-0.09999999999999831,1.400000000000003,21.1748187002788
-0.09999999999999831,1.500000000000003,15.50212401763267
-0.09999999999999831,1.6000000000000032,19.08169064510483
-0.09999999999999831,1.7000000000000033,18.332606321303224
-0.09999999999999831,1.8000000000000034,26.022095549703042
-0.09999999999999831,1.9000000000000035,19.68513387243193
1.7763568394002505e-15,-2.0,-15.793787701398013
1.7763568394002505e-15,-1.9,-17.635905285091617
1.7763568394002505e-15,-1.7999999999999998,-18.554902747805162
1.7763568394002505e-15,-1.6999999999999997,-14.90148774660273
1.7763568394002505e-15,-1.5999999999999996,-17.05360380284278
1.7763568394002505e-15,-1.4999999999999996,-7.485777023909808
1.7763568394002505e-15,-1.3999999999999995,-11.779384620322364
1.7763568394002505e-15,-1.2999999999999994,-4.416609976603109
1.7763568394002505e-15,-1.1999999999999993,-7.926770231130943
1.7763568394002505e-15,-1.0999999999999992,-2.829179070049671
1.7763568394002505e-15,-0.9999999999999991,-1.7811963335502838
1.7763568394002505e-15,-0.899999999999999,-7.822673290557748
1.7763568394002505e-15,-0.7999999999999989,-8.237921429728205
1.7763568394002505e-15,-0.6999999999999988,1.9505495438096343
1.7763568394002505e-15,-0.5999999999999988,-5.26792468115505
1.7763568394002505e-15,-0.49999999999999867,-5.058574319921425
1.7763568394002505e-15,-0.3999999999999986,-1.877943518187593
1.7763568394002505e-15,-0.2999999999999985,5.366624990400325
1.7763568394002505e-15,-0.1999999999999984,3.4373404280994753
1.7763568394002505e-15,-0.09999999999999831,8.163681287670531
1.7763568394002505e-15,1.7763568394002505e-15,9.970296250001839
1.7763568394002505e-15,0.10000000000000187,1.3490701553643725
1.7763568394002505e-15,0.20000000000000195,2.469572936489837
1.7763568394002505e-15,0.30000000000000204,4.945242308749878
1.7763568394002505e-15,0.40000000000000213,5.151627843342574
1.7763568394002505e-15,0.5000000000000022,11.773530448166161
1.7763568394002505e-15,0.6000000000000023,10.810972745227879
1.7763568394002505e-15,0.7000000000000024,10.170391176900935
1.7763568394002505e-15,0.8000000000000025,15.58111020085455
1.7763568394002505e-15,0.9000000000000026,15.154718464460299
1.7763568394002505e-15,1.0000000000000027,19.96221785508098
1.7763568394002505e-15,1.1000000000000028,17.36217450703809
1.7763568394002505e-15,1.2000000000000028,22.108663615663893
1.7763568394002505e-15,1.300000000000003,23.463498811510455
1.7763568394002505e-15,1.400000000000003,23.724000626200635
1.7763568394002505e-15,1.500000000000003,22.026831908787365
1.7763568394002505e-15,1.6000000000000032,24.91559323060102
1.7763568394002505e-15,1.7000000000000033,22.04331686092234
1.7763568394002505e-15,1.8000000000000034,24.334836641636265
1.7763568394002505e-15,1.9000000000000035,27.854306376800448
0.10000000000000187,-2.0,-11.648663745893755
0.10000000000000187,-1.9,-11.652143970184149
0.10000000000000187,-1.7999999999999998,-11.077503989907157
0.10000000000000187,-1.6999999999999997,-7.774814873309358
0.10000000000000187,-1.5999999999999996,-10.516769857407107
0.10000000000000187,-1.4999999999999996,-6.651545010729075
0.10000000000000187,-1.3999999999999995,-6.566669807503822
0.10000000000000187,-1.2999999999999994,-6.008309629090843
0.10000000000000187,-1.1999999999999993,-10.246002510774368
0.10000000000000187,-1.0999999999999992,-9.33740207552386
0.10000000000000187,-0.9999999999999991,-1.2342722035484872
0.10000000000000187,-0.899999999999999,-5.937057295435131
0.10000000000000187,-0.7999999999999989,0.35698320252067184
0.10000000000000187,-0.6999999999999988,2.935030037435892
0.10000000000000187,-0.5999999999999988,2.2894023918944235
0.10000000000000187,-0.49999999999999867,4.930446826556884
0.10000000000000187,-0.3999999999999986,-0.35658539101055986
0.10000000000000187,-0.2999999999999985,7.176886895376512
0.10000000000000187,-0.1999999999999984,1.7715052337986168
0.10000000000000187,-0.09999999999999831,2.595394394574699
0.10000000000000187,1.7763568394002505e-15,9.106605005793375
0.10000000000000187,0.10000000000000187,5.2783564885333565
0.10000000000000187,0.20000000000000195,7.533435503394412
0.10000000000000187,0.30000000000000204,10.269530276776596
0.10000000000000187,0.40000000000000213,10.81884704708181
0.10000000000000187,0.5000000000000022,14.821678616178016
0.10000000000000187,0.6000000000000023,15.61668372232264
0.10000000000000187,0.7000000000000024,15.708290871252657
0.10000000000000187,0.8000000000000025,14.570193214863004
0.10000000000000187,0.9000000000000026,19.031842404362187
0.10000000000000187,1.0000000000000027,14.1176005543584
0.10000000000000187,1.1000000000000028,18.20254803733957
0.10000000000000187,1.2000000000000028,21.297795906758296
0.10000000000000187,1.300000000000003,22.111787262819977
0.10000000000000187,1.400000000000003,16.134985034521833
0.10000000000000187,1.500000000000003,22.228858590025105
0.10000000000000187,1.6000000000000032,18.96809649611475
0.10000000000000187,1.7000000000000033,25.962174857545556
0.10000000000000187,1.8000000000000034,22.399619531227795
0.10000000000000187,1.9000000000000035,21.651899778544234
0.20000000000000195,-2.0,-18.042759745946338
0.20000000000000195,-1.9,-13.83345054118077
0.20000000000000195,-1.7999999999999998,-12.042777718794369
0.20000000000000195,-1.6999999999999997,-13.057185738848524
0.20000000000000195,-1.5999999999999996,-10.045400597451714
0.20000000000000195,-1.4999999999999996,-8.509379926962756
0.20000000000000195,-1.3999999999999995,-3.8171570201524823
0.20000000000000195,-1.2999999999999994,-9.287018580095484
0.20000000000000195,-1.1999999999999993,-2.088349551507225
0.20000000000000195,-1.0999999999999992,-2.5447059502838725
0.20000000000000195,-0.9999999999999991,-3.4428726434674575
0.20000000000000195,-0.899999999999999,-6.490996275988528
0.20000000000000195,-0.7999999999999989,-0.6970284114135312
0.20000000000000195,-0.6999999999999988,-3.619435074526134
0.20000000000000195,-0.5999999999999988,-0.2407391525489393
0.20000000000000195,-0.49999999999999867,0.9413546564522037
0.20000000000000195,-0.3999999999999986,5.812293666770918
0.20000000000000195,-0.2999999999999985,8.135708543513008
0.20000000000000195,-0.1999999999999984,7.926692889174363
0.20000000000000195,-0.09999999999999831,8.004412757491956
0.20000000000000195,1.7763568394002505e-15,9.67236684290695
0.20000000000000195,0.10000000000000187,11.792568911883073
0.20000000000000195,0.20000000000000195,8.36080622669689
0.20000000000000195,0.30000000000000204,13.25332266249552
0.20000000000000195,0.40000000000000213,12.76470862870287
0.20000000000000195,0.5000000000000022,13.227467082119825
0.20000000000000195,0.6000000000000023,17.14981990162363
0.20000000000000195,0.7000000000000024,18.84922442530916
0.20000000000000195,0.8000000000000025,18.556333915704332
0.20000000000000195,0.9000000000000026,12.35895894854425
0.20000000000000195,1.0000000000000027,18.580798967763403
0.20000000000000195,1.1000000000000028,22.03672661488571
0.20000000000000195,1.2000000000000028,21.38010146563768
0.20000000000000195,1.300000000000003,25.254798487266328
0.20000000000000195,1.400000000000003,20.373170881358007
0.20000000000000195,1.500000000000003,24.99764400157935
0.20000000000000195,1.6000000000000032,28.49235817632677
0.20000000000000195,1.7000000000000033,22.624314489230905
0.20000000000000195,1.8000000000000034,24.761991131039572
0.20000000000000195,1.9000000000000035,22.257050189546884
0.30000000000000204,-2.0,-18.125538362261842
0.30000000000000204,-1.9,-11.819123366793637
0.30000000000000204,-1.7999999999999998,-7.707764947880941
0.30000000000000204,-1.6999999999999997,-7.186564121985148
0.30000000000000204,-1.5999999999999996,-7.019266673153718
0.30000000000000204,-1.4999999999999996,-9.936948017185859
0.30000000000000204,-1.3999999999999995,-5.031115510578333
0.30000000000000204,-1.2999999999999994,-8.876631922865398
0.30000000000000204,-1.1999999999999993,-9.327291338659805
0.30000000000000204,-1.0999999999999992,-3.62485102697247
0.30000000000000204,-0.9999999999999991,-1.3077050220199284
0.30000000000000204,-0.899999999999999,-3.0450515706251107
0.30000000000000204,-0.7999999999999989,-4.8273428312170115
0.30000000000000204,-0.6999999999999988,3.5634007245136186
0.30000000000000204,-0.5999999999999988,6.191673642675276
0.30000000000000204,-0.49999999999999867,2.099047690236019
0.30000000000000204,-0.3999999999999986,0.4880470603969862
0.30000000000000204,-0.2999999999999985,9.179224192838134
0.30000000000000204,-0.1999999999999984,9.780727867824384
0.30000000000000204,-0.09999999999999831,4.909608773661996
0.30000000000000204,1.7763568394002505e-15,4.788030426941588
0.30000000000000204,0.10000000000000187,9.471546145795802
0.30000000000000204,0.20000000000000195,5.6514397493553306
0.30000000000000204,0.30000000000000204,9.945899925871581
0.30000000000000204,0.40000000000000213,12.148651551648655
0.30000000000000204,0.5000000000000022,10.839748049787797
0.30000000000000204,0.6000000000000023,10.147516917102909
0.30000000000000204,0.7000000000000024,14.30103586171937
0.30000000000000204,0.8000000000000025,14.966090220352754
0.30000000000000204,0.9000000000000026,20.51165613076533
0.30000000000000204,1.0000000000000027,16.402487112621706
0.30000000000000204,1.1000000000000028,14.860355065401508
0.30000000000000204,1.2000000000000028,16.308699239772455
0.30000000000000204,1.300000000000003,23.72834645001297
0.30000000000000204,1.400000000000003,23.115910132680295
0.30000000000000204,1.500000000000003,21.51214766198467
0.30000000000000204,1.6000000000000032,27.00541224319037
0.30000000000000204,1.7000000000000033,26.460698333622794
0.30000000000000204,1.8000000000000034,29.97689517119032
0.30000000000000204,1.9000000000000035,23.681550446481147
0.40000000000000213,-2.0,-16.70854574677496
0.40000000000000213,-1.9,-7.71216502239402
0.40000000000000213,-1.7999999999999998,-10.496175106803687
0.40000000000000213,-1.6999999999999997,-8.61786555871715
0.40000000000000213,-1.5999999999999996,-10.938506042914037
0.40000000000000213,-1.4999999999999996,-12.181748965719306
0.40000000000000213,-1.3999999999999995,-3.478939158414091
0.40000000000000213,-1.2999999999999994,-2.1768217453024823
0.40000000000000213,-1.1999999999999993,0.8847340599700697
0.40000000000000213,-1.0999999999999992,-1.7809286324948248
0.40000000000000213,-0.9999999999999991,1.8957200626202502
0.40000000000000213,-0.899999999999999,-5.737890629386666
0.40000000000000213,-0.7999999999999989,-3.6380698143973054
0.40000000000000213,-0.6999999999999988,-2.322969296667244
0.40000000000000213,-0.5999999999999988,-1.8414275841960166
0.40000000000000213,-0.49999999999999867,4.39951015293654
0.40000000000000213,-0.3999999999999986,0.8158750338151095
0.40000000000000213,-0.2999999999999985,6.455019967978194
0.40000000000000213,-0.1999999999999984,4.273839918270076
0.40000000000000213,-0.09999999999999831,7.473262244127217
0.40000000000000213,1.7763568394002505e-15,9.478440011565363
0.40000000000000213,0.10000000000000187,5.18068606994768
0.40000000000000213,0.20000000000000195,15.37733479539285
0.40000000000000213,0.30000000000000204,14.014951963947011
0.40000000000000213,0.40000000000000213,16.770711374151276
0.40000000000000213,0.5000000000000022,18.346308526304764
0.40000000000000213,0.6000000000000023,12.782018150503992
0.40000000000000213,0.7000000000000024,16.814834274589035
0.40000000000000213,0.8000000000000025,22.13496045619339
0.40000000000000213,0.9000000000000026,21.254875552761163
0.40000000000000213,1.0000000000000027,17.807998233616058
0.40000000000000213,1.1000000000000028,15.885089178438772
0.40000000000000213,1.2000000000000028,21.53356645312921
0.40000000000000213,1.300000000000003,23.16927597601738
0.40000000000000213,1.400000000000003,26.94387373961071
0.40000000000000213,1.500000000000003,21.64078748850743
0.40000000000000213,1.6000000000000032,21.35177489175914
0.40000000000000213,1.7000000000000033,22.006109891763664
0.40000000000000213,1.8000000000000034,27.38130225738955
0.40000000000000213,1.9000000000000035,31.138364552968742
0.5000000000000022,-2.0,-6.832901478695307
0.5000000000000022,-1.9,-8.200895507923695
0.5000000000000022,-1.7999999999999998,-9.363697968379185
0.5000000000000022,-1.6999999999999997,-8.967537435588635
0.5000000000000022,-1.5999999999999996,-6.646117422080187
0.5000000000000022,-1.4999999999999996,-8.820246640821294
0.5000000000000022,-1.3999999999999995,-4.449902278448529
0.5000000000000022,-1.2999999999999994,-7.589820694673833
0.5000000000000022,-1.1999999999999993,-4.464781174283766
0.5000000000000022,-1.0999999999999992,-0.45705491846240154
0.5000000000000022,-0.9999999999999991,-5.1682500559034334
0.5000000000000022,-0.899999999999999,-2.111281251337996
0.5000000000000022,-0.7999999999999989,-2.8662235280101847
0.5000000000000022,-0.6999999999999988,0.562522251174149
0.5000000000000022,-0.5999999999999988,2.291890050803276
0.5000000000000022,-0.49999999999999867,7.5741902720051915
0.5000000000000022,-0.3999999999999986,8.928857682103558
0.5000000000000022,-0.2999999999999985,10.919555863781024
0.5000000000000022,-0.1999999999999984,9.256619373892303
0.5000000000000022,-0.09999999999999831,6.753143639331004
0.5000000000000022,1.7763568394002505e-15,13.14106822898163
0.5000000000000022,0.10000000000000187,9.373949758711186
0.5000000000000022,0.20000000000000195,9.722418560391962
0.5000000000000022,0.30000000000000204,16.81220197339175
0.5000000000000022,0.40000000000000213,10.304447200887545
0.5000000000000022,0.5000000000000022,15.935044121085513
0.5000000000000022,0.6000000000000023,14.596032328257854
0.5000000000000022,0.7000000000000024,20.328933597502754
0.5000000000000022,0.8000000000000025,13.578502686722368
0.5000000000000022,0.9000000000000026,20.028385751274747
0.5000000000000022,1.0000000000000027,18.400198091471324
0.5000000000000022,1.1000000000000028,17.824549222386953
0.5000000000000022,1.2000000000000028,21.26012535948291
0.5000000000000022,1.300000000000003,20.45097726717457
0.5000000000000022,1.400000000000003,29.26451219054274
0.5000000000000022,1.500000000000003,25.466681422933018
0.5000000000000022,1.6000000000000032,25.14685493471285
0.5000000000000022,1.7000000000000033,28.940094924325468
0.5000000000000022,1.8000000000000034,29.42721588278732
0.5000000000000022,1.9000000000000035,34.009088553648326
0.6000000000000023,-2.0,-7.056758117330645
0.6000000000000023,-1.9,-7.975700699181533
0.6000000000000023,-1.7999999999999998,-12.852884302773585
0.6000000000000023,-1.6999999999999997,-8.261852939972238
0.6000000000000023,-1.5999999999999996,-6.914453396879019
0.6000000000000023,-1.4999999999999996,-7.171247352038914
0.6000000000000023,-1.3999999999999995,-5.244576037369409
0.6000000000000023,-1.2999999999999994,-0.36123891240061656
0.6000000000000023,-1.1999999999999993,-0.19725515134742366
0.6000000000000023,-1.0999999999999992,-3.6837749097832955
0.6000000000000023,-0.9999999999999991,4.444299152131026
0.6000000000000023,-0.899999999999999,5.876579865974722
0.6000000000000023,-0.7999999999999989,-1.4062625942256715
0.6000000000000023,-0.6999999999999988,2.8391773445938995
0.6000000000000023,-0.5999999999999988,7.596144899718801
0.6000000000000023,-0.49999999999999867,7.437324102071843
0.6000000000000023,-0.3999999999999986,4.825792927087599
0.6000000000000023,-0.2999999999999985,9.38208028509608
0.6000000000000023,-0.1999999999999984,6.985894467132759
0.6000000000000023,-0.09999999999999831,7.279508346779937
0.6000000000000023,1.7763568394002505e-15,14.232162446211774
0.6000000000000023,0.10000000000000187,12.063570078886773
0.6000000000000023,0.20000000000000195,17.742614048637606
0.6000000000000023,0.30000000000000204,10.0250347733378
0.6000000000000023,0.40000000000000213,17.970420156297543
0.6000000000000023,0.5000000000000022,20.586763359668915
0.6000000000000023,0.6000000000000023,17.3942147297213
0.6000000000000023,0.7000000000000024,13.738286430114389
0.6000000000000023,0.8000000000000025,19.864989090223414
0.6000000000000023,0.9000000000000026,16.919618975892945
0.6000000000000023,1.0000000000000027,18.543210690989703
0.6000000000000023,1.1000000000000028,21.4136246141321
0.6000000000000023,1.2000000000000028,21.06500613925681
0.6000000000000023,1.300000000000003,27.854379817148214
0.6000000000000023,1.400000000000003,23.344971123921596
0.6000000000000023,1.500000000000003,24.196974280304005
0.6000000000000023,1.6000000000000032,29.15417016643914
0.6000000000000023,1.7000000000000033,25.419437802550057
0.6000000000000023,1.8000000000000034,26.599879757628898
0.6000000000000023,1.9000000000000035,35.545414403161715
0.7000000000000024,-2.0,-12.381919822815627
0.7000000000000024,-1.9,-9.147117385140401
0.7000000000000024,-1.7999999999999998,-8.574633816041334
0.7000000000000024,-1.6999999999999997,-2.6921625792845223
0.7000000000000024,-1.5999999999999996,-2.802003292413249
0.7000000000000024,-1.4999999999999996,-0.5029908790485749
0.7000000000000024,-1.3999999999999995,-3.795758640885297
0.7000000000000024,-1.2999999999999994,-1.7506183493992324
0.7000000000000024,-1.1999999999999993,-3.8118591220812283
0.7000000000000024,-1.0999999999999992,-3.2043664992089016
0.7000000000000024,-0.9999999999999991,5.826155013603053
0.7000000000000024,-0.899999999999999,0.5909816813871025
0.7000000000000024,-0.7999999999999989,0.05874012412387919
0.7000000000000024,-0.6999999999999988,3.300609397292696
0.7000000000000024,-0.5999999999999988,4.443878398086534
0.7000000000000024,-0.49999999999999867,4.675254874852829
0.7000000000000024,-0.3999999999999986,5.600754194136908
0.7000000000000024,-0.2999999999999985,3.7259682492996222
0.7000000000000024,-0.1999999999999984,11.526500668815476
0.7000000000000024,-0.09999999999999831,13.417998199053908
0.7000000000000024,1.7763568394002505e-15,8.991460264117926
0.7000000000000024,0.10000000000000187,10.376322142769013
0.7000000000000024,0.20000000000000195,10.600624772130221
0.7000000000000024,0.30000000000000204,13.154530200105642
0.7000000000000024,0.40000000000000213,20.447270658734276
0.7000000000000024,0.5000000000000022,19.634135086102926
0.7000000000000024,0.6000000000000023,20.818352019173005
0.7000000000000024,0.7000000000000024,18.304343637481498
0.7000000000000024,0.8000000000000025,19.049168292265886
0.7000000000000024,0.9000000000000026,25.695042061927396
0.7000000000000024,1.0000000000000027,25.112399573293715
0.7000000000000024,1.1000000000000028,26.2625241462063
0.7000000000000024,1.2000000000000028,23.905320769173812
0.7000000000000024,1.300000000000003,23.73438759943076
0.7000000000000024,1.400000000000003,28.506974677488156
0.7000000000000024,1.500000000000003,30.887304154204102
0.7000000000000024,1.6000000000000032,25.717401427088404
0.7000000000000024,1.7000000000000033,34.38016754953272
0.7000000000000024,1.8000000000000034,33.94395929558219
0.7000000000000024,1.9000000000000035,33.31607155321218
0.8000000000000025,-2.0,-12.35458174848193
0.8000000000000025,-1.9,-5.293866223399649
0.8000000000000025,-1.7999999999999998,-3.509927782445164
0.8000000000000025,-1.6999999999999997,-4.7597395277954835
0.8000000000000025,-1.5999999999999996,-4.7325754905319135
0.8000000000000025,-1.4999999999999996,1.529821954578118
0.8000000000000025,-1.3999999999999995,-2.8118601885771053
0.8000000000000025,-1.2999999999999994,2.8051085659565373
0.8000000000000025,-1.1999999999999993,-4.499153093539157
0.8000000000000025,-1.0999999999999992,4.890369330213671
0.8000000000000025,-0.9999999999999991,1.6514077896394204
0.8000000000000025,-0.899999999999999,-1.9430358116549231
0.8000000000000025,-0.7999999999999989,5.896203956144718
0.8000000000000025,-0.6999999999999988,9.743196671578767
0.8000000000000025,-0.5999999999999988,6.427383300375185
0.8000000000000025,-0.49999999999999867,5.489560444060915
0.8000000000000025,-0.3999999999999986,7.410793162993145
0.8000000000000025,-0.2999999999999985,5.5765005693274405
0.8000000000000025,-0.1999999999999984,6.009822965646507
0.8000000000000025,-0.09999999999999831,15.270514235948564
0.8000000000000025,1.7763568394002505e-15,11.41918878958453
0.8000000000000025,0.10000000000000187,10.347725952265128
0.8000000000000025,0.20000000000000195,10.491893590579478
0.8000000000000025,0.30000000000000204,10.831122303621363
0.8000000000000025,0.40000000000000213,11.97803826413638
0.8000000000000025,0.5000000000000022,20.845710053326094
0.8000000000000025,0.6000000000000023,18.77947605393754
0.8000000000000025,0.7000000000000024,17.710855035968446
0.8000000000000025,0.8000000000000025,24.79305096270533
0.8000000000000025,0.9000000000000026,24.031496159792916
0.8000000000000025,1.0000000000000027,22.973434972281517
0.8000000000000025,1.1000000000000028,21.42277733476267
0.8000000000000025,1.2000000000000028,26.074450121858355
0.8000000000000025,1.300000000000003,25.465932310402096
0.8000000000000025,1.400000000000003,27.715062544083125
0.8000000000000025,1.500000000000003,29.248025299209836
0.8000000000000025,1.6000000000000032,32.10999029513006
0.8000000000000025,1.7000000000000033,30.186743996767134
0.8000000000000025,1.8000000000000034,28.90196069017278
0.8000000000000025,1.9000000000000035,33.343412685568794
0.9000000000000026,-2.0,-3.1500855719255068
0.9000000000000026,-1.9,-2.0827821527759447
0.9000000000000026,-1.7999999999999998,-10.209252469597864
0.9000000000000026,-1.6999999999999997,-7.137857814159633
0.9000000000000026,-1.5999999999999996,-2.592332909106309
0.9000000000000026,-1.4999999999999996,2.0681793016350714
0.9000000000000026,-1.3999999999999995,2.8298783354512036
0.9000000000000026,-1.2999999999999994,-1.5636797452207398
0.9000000000000026,-1.1999999999999993,2.834261989977228
0.9000000000000026,-1.0999999999999992,6.451032976976916
0.9000000000000026,-0.9999999999999991,4.846847602555855
0.9000000000000026,-0.899999999999999,-0.011401348287910507
0.9000000000000026,-0.7999999999999989,2.8105339663122257
0.9000000000000026,-0.6999999999999988,8.248701932421485
0.9000000000000026,-0.5999999999999988,8.325444648672782
0.9000000000000026,-0.49999999999999867,8.563292234496354
0.9000000000000026,-0.3999999999999986,10.44932733085954
0.9000000000000026,-0.2999999999999985,8.080745298187798
0.9000000000000026,-0.1999999999999984,12.513037221145883
0.9000000000000026,-0.09999999999999831,8.125614808212367
0.9000000000000026,1.7763568394002505e-15,15.085007386857393
0.9000000000000026,0.10000000000000187,17.95142156420875
0.9000000000000026,0.20000000000000195,17.122407956697696
0.9000000000000026,0.30000000000000204,21.008990261865147
0.9000000000000026,0.40000000000000213,17.143984407754346
0.9000000000000026,0.5000000000000022,17.569082244917375
0.9000000000000026,0.6000000000000023,17.06432281756209
0.9000000000000026,0.7000000000000024,26.002807152258796
0.9000000000000026,0.8000000000000025,24.891345422529017
0.9000000000000026,0.9000000000000026,19.358013787557965
0.9000000000000026,1.0000000000000027,20.763678574664056
0.9000000000000026,1.1000000000000028,28.56920290522328
0.9000000000000026,1.2000000000000028,27.78300191630198
0.9000000000000026,1.300000000000003,27.19306117525463
0.9000000000000026,1.400000000000003,26.980819699906753
0.9000000000000026,1.500000000000003,28.338714980103973
0.9000000000000026,1.6000000000000032,34.97976566038989
0.9000000000000026,1.7000000000000033,30.105188137078333
0.9000000000000026,1.8000000000000034,28.726512777829857
0.9000000000000026,1.9000000000000035,38.0266329311646
1.0000000000000027,-2.0,-8.21779998090172
1.0000000000000027,-1.9,-7.61698703683638
1.0000000000000027,-1.7999999999999998,-6.972182795233263
1.0000000000000027,-1.6999999999999997,-7.33812300383901
1.0000000000000027,-1.5999999999999996,-5.772141554701329
1.0000000000000027,-1.4999999999999996,3.282078989608191
1.0000000000000027,-1.3999999999999995,3.2476558327315885
1.0000000000000027,-1.2999999999999994,1.94485861943647
1.0000000000000027,-1.1999999999999993,-1.3632667633469548
1.0000000000000027,-1.0999999999999992,-0.5546102059159495
1.0000000000000027,-0.9999999999999991,4.42410869434188
1.0000000000000027,-0.899999999999999,6.743256621928973
1.0000000000000027,-0.7999999999999989,10.574552469213238
1.0000000000000027,-0.6999999999999988,3.710016517226118
1.0000000000000027,-0.5999999999999988,6.443890974819295
1.0000000000000027,-0.49999999999999867,5.793938181026629
1.0000000000000027,-0.3999999999999986,10.32507709669457
1.0000000000000027,-0.2999999999999985,15.731739044764417
1.0000000000000027,-0.1999999999999984,14.31959425175053
1.0000000000000027,-0.09999999999999831,14.06739918708449
1.0000000000000027,1.7763568394002505e-15,10.569722811340748
1.0000000000000027,0.10000000000000187,15.641658846085456
1.0000000000000027,0.20000000000000195,14.723957231343611
1.0000000000000027,0.30000000000000204,20.546484807570632
1.0000000000000027,0.40000000000000213,20.278907775474224
1.0000000000000027,0.5000000000000022,21.11063587416676
1.0000000000000027,0.6000000000000023,18.39642930725974
1.0000000000000027,0.7000000000000024,20.75015589063202
1.0000000000000027,0.8000000000000025,22.94784127602952
1.0000000000000027,0.9000000000000026,26.898850241913085
1.0000000000000027,1.0000000000000027,24.81559876666219
1.0000000000000027,1.1000000000000028,23.168015174204534
1.0000000000000027,1.2000000000000028,29.74010232987532
1.0000000000000027,1.300000000000003,29.33578626407241
1.0000000000000027,1.400000000000003,26.395239647993456
1.0000000000000027,1.500000000000003,35.227858788402386
1.0000000000000027,1.6000000000000032,26.75925606608279
1.0000000000000027,1.7000000000000033,37.28226436456321
1.0000000000000027,1.8000000000000034,36.715347835377194
1.0000000000000027,1.9000000000000035,35.92149164458816
1.1000000000000028,-2.0,-3.776107777686815
1.1000000000000028,-1.9,-9.44192183642299
1.1000000000000028,-1.7999999999999998,-7.30292182520243
1.1000000000000028,-1.6999999999999997,-1.0761008378193688
1.1000000000000028,-1.5999999999999996,-5.185984472325295
1.1000000000000028,-1.4999999999999996,-3.2197901974014878
1.1000000000000028,-1.3999999999999995,-0.9362043179718302
1.1000000000000028,-1.2999999999999994,0.47524183415511745
1.1000000000000028,-1.1999999999999993,5.238341649580576
1.1000000000000028,-1.0999999999999992,7.744419303170991
1.1000000000000028,-0.9999999999999991,2.055828298689316
1.1000000000000028,-0.899999999999999,2.086700670008687
1.1000000000000028,-0.7999999999999989,10.668350970101372
1.1000000000000028,-0.6999999999999988,6.368579651623961
1.1000000000000028,-0.5999999999999988,6.893253102245948
1.1000000000000028,-0.49999999999999867,13.649829571393433
1.1000000000000028,-0.3999999999999986,12.44931348295939
1.1000000000000028,-0.2999999999999985,14.092407247826133
1.1000000000000028,-0.1999999999999984,13.143757491152169
1.1000000000000028,-0.09999999999999831,13.138487624825599
1.1000000000000028,1.7763568394002505e-15,19.45379865909728
1.1000000000000028,0.10000000000000187,20.53566473552429
1.1000000000000028,0.20000000000000195,20.917790324770586
1.1000000000000028,0.30000000000000204,21.061201728976233
1.1000000000000028,0.40000000000000213,16.778187329994687
1.1000000000000028,0.5000000000000022,17.140382694339472
1.1000000000000028,0.6000000000000023,25.736913842214392
1.1000000000000028,0.7000000000000024,27.061866885751556
1.1000000000000028,0.8000000000000025,25.546577520887247
1.1000000000000028,0.9000000000000026,21.1107567438694
1.1000000000000028,1.0000000000000027,30.990035565346073
1.1000000000000028,1.1000000000000028,22.394408300048777
1.1000000000000028,1.2000000000000028,30.694758460890725
1.1000000000000028,1.300000000000003,26.053953119080187
1.1000000000000028,1.400000000000003,26.464891437579794
1.1000000000000028,1.500000000000003,35.18457635178644
1.1000000000000028,1.6000000000000032,37.30770490186769
1.1000000000000028,1.7000000000000033,29.1075131147129
1.1000000000000028,1.8000000000000034,38.570143394991945
1.1000000000000028,1.9000000000000035,40.38922525808564
1.2000000000000028,-2.0,-5.983536802095472
1.2000000000000028,-1.9,-3.829874933696547
1.2000000000000028,-1.7999999999999998,-6.147154671007053
1.2000000000000028,-1.6999999999999997,0.2949578872021643
1.2000000000000028,-1.5999999999999996,-2.7132980133817997
1.2000000000000028,-1.4999999999999996,-1.2711471815902051
1.2000000000000028,-1.3999999999999995,-1.4278262056214932
1.2000000000000028,-1.2999999999999994,3.73305403576259
1.2000000000000028,-1.1999999999999993,6.5651821592939905
1.2000000000000028,-1.0999999999999992,6.248087334389826
1.2000000000000028,-0.9999999999999991,2.7865566206925214
1.2000000000000028,-0.899999999999999,11.585952761870539
1.2000000000000028,-0.7999999999999989,12.644750775148626
1.2000000000000028,-0.6999999999999988,8.650014996145154
1.2000000000000028,-0.5999999999999988,9.692856643283594
1.2000000000000028,-0.49999999999999867,10.307642657445982
1.2000000000000028,-0.3999999999999986,14.384399468411338
1.2000000000000028,-0.2999999999999985,12.373153066127479
1.2000000000000028,-0.1999999999999984,13.760585891611692
1.2000000000000028,-0.09999999999999831,17.776608605474177
1.2000000000000028,1.7763568394002505e-15,14.30677669372579
1.2000000000000028,0.10000000000000187,18.509804804011893
1.2000000000000028,0.20000000000000195,19.372876262280492
1.2000000000000028,0.30000000000000204,22.647477983819957
1.2000000000000028,0.40000000000000213,22.795844212058224
1.2000000000000028,0.5000000000000022,26.661379708264786
1.2000000000000028,0.6000000000000023,22.612646516217204
1.2000000000000028,0.7000000000000024,27.883905074363508
1.2000000000000028,0.8000000000000025,26.5971835623064
1.2000000000000028,0.9000000000000026,26.879403340859533
1.2000000000000028,1.0000000000000027,25.01366886058388
1.2000000000000028,1.1000000000000028,25.62700514688096
1.2000000000000028,1.2000000000000028,25.574658203314304
1.2000000000000028,1.300000000000003,33.17060807821854
1.2000000000000028,1.400000000000003,36.000345972517
1.2000000000000028,1.500000000000003,35.17860463895962
1.2000000000000028,1.6000000000000032,33.97991840417208
1.2000000000000028,1.7000000000000033,32.699818441076374
1.2000000000000028,1.8000000000000034,31.753330127928525
1.2000000000000028,1.9000000000000035,39.47620195809267
1.300000000000003,-2.0,-6.915634091562027
1.300000000000003,-1.9,1.6564867285727303
1.300000000000003,-1.7999999999999998,-0.9847429784566017
1.300000000000003,-1.6999999999999997,1.1729900618574698
1.300000000000003,-1.5999999999999996,-4.211180281613042
1.300000000000003,-1.4999999999999996,-2.514069483784688
1.300000000000003,-1.3999999999999995,2.727130620813241
1.300000000000003,-1.2999999999999994,7.347394097002677
1.300000000000003,-1.1999999999999993,1.0210505775931105
1.300000000000003,-1.0999999999999992,7.006852878116598
1.300000000000003,-0.9999999999999991,10.23229559681396
1.300000000000003,-0.899999999999999,6.792222124704837
1.300000000000003,-0.7999999999999989,5.533739462380224
1.300000000000003,-0.6999999999999988,11.508807472990068
1.300000000000003,-0.5999999999999988,8.352373375178463
1.300000000000003,-0.49999999999999867,16.589514816532585
1.300000000000003,-0.3999999999999986,15.97471855812261
1.300000000000003,-0.2999999999999985,14.589464352291088
1.300000000000003,-0.1999999999999984,16.466367351219546
1.300000000000003,-0.09999999999999831,19.547089865039595
1.300000000000003,1.7763568394002505e-15,21.333486157175837
1.300000000000003,0.10000000000000187,15.600924035468342
1.300000000000003,0.20000000000000195,20.158062803130115
1.300000000000003,0.30000000000000204,20.886718271203843
1.300000000000003,0.40000000000000213,25.712793426612755
1.300000000000003,0.5000000000000022,25.237309356515347
1.300000000000003,0.6000000000000023,20.700609821600853
1.300000000000003,0.7000000000000024,20.744944880599807
1.300000000000003,0.8000000000000025,26.91630962433522
1.300000000000003,0.9000000000000026,27.055018214807877
1.300000000000003,1.0000000000000027,28.911066770479678
1.300000000000003,1.1000000000000028,24.299123046231077
1.300000000000003,1.2000000000000028,31.584798742495046
1.300000000000003,1.300000000000003,32.2998491449798
1.300000000000003,1.400000000000003,36.33068942530342
1.300000000000003,1.500000000000003,33.47711125949354
1.300000000000003,1.6000000000000032,34.05235443437247
1.300000000000003,1.7000000000000033,38.33905036196091
1.300000000000003,1.8000000000000034,31.755385413929826
1.300000000000003,1.9000000000000035,33.67518262049604
1.400000000000003,-2.0,-7.421146974328197
1.400000000000003,-1.9,-0.7990880445541979
1.400000000000003,-1.7999999999999998,3.876041145669207
1.400000000000003,-1.6999999999999997,-4.357595284000004
1.400000000000003,-1.5999999999999996,-3.1114296731602744
1.400000000000003,-1.4999999999999996,2.398833321778889
1.400000000000003,-1.3999999999999995,4.098352727361171
1.400000000000003,-1.2999999999999994,8.134028484621812
1.400000000000003,-1.1999999999999993,4.196313519553521
1.400000000000003,-1.0999999999999992,3.4621812942988943
1.400000000000003,-0.9999999999999991,8.290800864483343
1.400000000000003,-0.899999999999999,4.202870071881413
1.400000000000003,-0.7999999999999989,7.588815918878493
1.400000000000003,-0.6999999999999988,14.482298836112712
1.400000000000003,-0.5999999999999988,10.601932449802895
1.400000000000003,-0.49999999999999867,10.392812202359373
1.400000000000003,-0.3999999999999986,9.26266678592321
1.400000000000003,-0.2999999999999985,19.36764715433811
1.400000000000003,-0.1999999999999984,14.155263989566668
1.400000000000003,-0.09999999999999831,17.546916353376545
1.400000000000003,1.7763568394002505e-15,20.832990016134833
1.400000000000003,0.10000000000000187,20.99666178270269
1.400000000000003,0.20000000000000195,18.914993132020136
1.400000000000003,0.30000000000000204,17.494823022218906
1.400000000000003,0.40000000000000213,18.691287272580194
1.400000000000003,0.5000000000000022,21.03515197953394
1.400000000000003,0.6000000000000023,26.481327731766495
1.400000000000003,0.7000000000000024,21.018935056808104
1.400000000000003,0.8000000000000025,28.129965432382832
1.400000000000003,0.9000000000000026,32.041432345101455
1.400000000000003,1.0000000000000027,33.09428207920793
1.400000000000003,1.1000000000000028,33.72729696789962
1.400000000000003,1.2000000000000028,31.495829689925586
1.400000000000003,1.300000000000003,28.80342518900749
1.400000000000003,1.400000000000003,34.46555082615636
1.400000000000003,1.500000000000003,36.06399139746668
1.400000000000003,1.6000000000000032,31.26967908975283
1.400000000000003,1.7000000000000033,40.82034380178618
1.400000000000003,1.8000000000000034,35.16345314201287
1.400000000000003,1.9000000000000035,35.59475074629684
1.500000000000003,-2.0,0.7681579770378528
1.500000000000003,-1.9,-2.3773488606610345
1.500000000000003,-1.7999999999999998,-1.4709147736190338
1.500000000000003,-1.6999999999999997,2.526156907890874
1.500000000000003,-1.5999999999999996,7.030023841744189
1.500000000000003,-1.4999999999999996,1.5328698267472427
1.500000000000003,-1.3999999999999995,7.96272450946066
1.500000000000003,-1.2999999999999994,1.2767094555389769
1.500000000000003,-1.1999999999999993,7.656892760299032
1.500000000000003,-1.0999999999999992,12.219701344755599
1.500000000000003,-0.9999999999999991,9.431749656761541
1.500000000000003,-0.899999999999999,4.842189976721825
1.500000000000003,-0.7999999999999989,15.052002643116538
1.500000000000003,-0.6999999999999988,11.885292320757406
1.500000000000003,-0.5999999999999988,16.390614948051635
1.500000000000003,-0.49999999999999867,12.549742786649105
1.500000000000003,-0.3999999999999986,12.20104131483304
1.500000000000003,-0.2999999999999985,19.347005410136788
1.500000000000003,-0.1999999999999984,21.199849105006987
1.500000000000003,-0.09999999999999831,15.637145537825822
1.500000000000003,1.7763568394002505e-15,21.3038124197601
1.500000000000003,0.10000000000000187,25.17083433407759
1.500000000000003,0.20000000000000195,25.71094152077346
1.500000000000003,0.30000000000000204,22.466507340688057
1.500000000000003,0.40000000000000213,22.46531446776076
1.500000000000003,0.5000000000000022,29.391482317674953
1.500000000000003,0.6000000000000023,28.977781141971676
1.500000000000003,0.7000000000000024,30.670107008158247
1.500000000000003,0.8000000000000025,25.730121689554846
1.500000000000003,0.9000000000000026,27.03792674006491
1.500000000000003,1.0000000000000027,34.509687154512804
1.500000000000003,1.1000000000000028,30.119578786869504
1.500000000000003,1.2000000000000028,28.63640299162845
1.500000000000003,1.300000000000003,35.07358185086291
1.500000000000003,1.400000000000003,38.74141557743726
1.500000000000003,1.500000000000003,31.137643690074096
1.500000000000003,1.6000000000000032,38.01338987536014
1.500000000000003,1.7000000000000033,35.816419839512015
1.500000000000003,1.8000000000000034,34.33717647993778
1.500000000000003,1.9000000000000035,35.5738205386743
1.6000000000000032,-2.0,3.658186479606222
1.6000000000000032,-1.9,-0.5067470962820799
1.6000000000000032,-1.7999999999999998,-2.113192350453028
1.6000000000000032,-1.6999999999999997,0.4282095143179787
1.6000000000000032,-1.5999999999999996,5.641330061435137
1.6000000000000032,-1.4999999999999996,4.62511574274983
1.6000000000000032,-1.3999999999999995,0.3645011526359078
1.6000000000000032,-1.2999999999999994,3.74279493311867
1.6000000000000032,-1.1999999999999993,5.936503960035676
1.6000000000000032,-1.0999999999999992,3.5396844496767024
1.6000000000000032,-0.9999999999999991,7.031087938358749
1.6000000000000032,-0.899999999999999,6.55194223321984
1.6000000000000032,-0.7999999999999989,13.833829213676957
1.6000000000000032,-0.6999999999999988,14.169018533913956
1.6000000000000032,-0.5999999999999988,17.238926351163286
1.6000000000000032,-0.49999999999999867,16.49609427117528
1.6000000000000032,-0.3999999999999986,14.562386334772881
1.6000000000000032,-0.2999999999999985,16.83479548250119
1.6000000000000032,-0.1999999999999984,17.343013686886756
1.6000000000000032,-0.09999999999999831,20.280034701203974
1.6000000000000032,1.7763568394002505e-15,18.142709129069246
1.6000000000000032,0.10000000000000187,26.072848456919267
1.6000000000000032,0.20000000000000195,19.49940822697793
1.6000000000000032,0.30000000000000204,22.713969386915963
1.6000000000000032,0.40000000000000213,25.486098325377792
1.6000000000000032,0.5000000000000022,21.35191109232872
1.6000000000000032,0.6000000000000023,26.744725590887768
1.6000000000000032,0.7000000000000024,26.70366374966784
1.6000000000000032,0.8000000000000025,26.85148685231599
1.6000000000000032,0.9000000000000026,33.39990232956686
1.6000000000000032,1.0000000000000027,31.2033540562012
1.6000000000000032,1.1000000000000028,30.050418160652267
1.6000000000000032,1.2000000000000028,34.14126543968482
1.6000000000000032,1.300000000000003,33.743324327078895
1.6000000000000032,1.400000000000003,34.58392318747856
1.6000000000000032,1.500000000000003,38.18957103398936
1.6000000000000032,1.6000000000000032,36.509450278034855
1.6000000000000032,1.7000000000000033,36.516643055017504
1.6000000000000032,1.8000000000000034,43.352302007002294
1.6000000000000032,1.9000000000000035,40.72740182477898
1.7000000000000033,-2.0,-2.817899368455538
1.7000000000000033,-1.9,5.5504004721817175
1.7000000000000033,-1.7999999999999998,-0.023312308734354747
1.7000000000000033,-1.6999999999999997,4.995835869017725
1.7000000000000033,-1.5999999999999996,8.829520522880594
1.7000000000000033,-1.4999999999999996,9.63678974132581
1.7000000000000033,-1.3999999999999995,5.7000313511540295
1.7000000000000033,-1.2999999999999994,7.491863380044499
1.7000000000000033,-1.1999999999999993,8.540472516766634
1.7000000000000033,-1.0999999999999992,6.062201114091985
1.7000000000000033,-0.9999999999999991,15.27868750494222
1.7000000000000033,-0.899999999999999,16.205087567878387
1.7000000000000033,-0.7999999999999989,15.063084128008947
1.7000000000000033,-0.6999999999999988,10.008898890186908
1.7000000000000033,-0.5999999999999988,16.079170015648508
1.7000000000000033,-0.49999999999999867,15.829353066238614
1.7000000000000033,-0.3999999999999986,16.241409831555117
1.7000000000000033,-0.2999999999999985,16.86101595389761
1.7000000000000033,-0.1999999999999984,19.287249034021357
1.7000000000000033,-0.09999999999999831,18.094403452458916
1.7000000000000033,1.7763568394002505e-15,20.44366855821812
1.7000000000000033,0.10000000000000187,18.77978156142097
1.7000000000000033,0.20000000000000195,19.040336912699544
1.7000000000000033,0.30000000000000204,24.108413691885982
1.7000000000000033,0.40000000000000213,24.295442214504497
1.7000000000000033,0.5000000000000022,23.153728604888343
1.7000000000000033,0.6000000000000023,24.018122779127406
1.7000000000000033,0.7000000000000024,32.903882271633194
1.7000000000000033,0.8000000000000025,27.678225507563287
1.7000000000000033,0.9000000000000026,33.30339237568166
1.7000000000000033,1.0000000000000027,30.960029031377495
1.7000000000000033,1.1000000000000028,33.10284303979904
1.7000000000000033,1.2000000000000028,38.039461238597994
1.7000000000000033,1.300000000000003,32.581463000107384
1.7000000000000033,1.400000000000003,32.59759452136587
1.7000000000000033,1.500000000000003,33.2300544186952
1.7000000000000033,1.6000000000000032,42.29391094612416
1.7000000000000033,1.7000000000000033,41.50450997672696
1.7000000000000033,1.8000000000000034,36.397726495779615
1.7000000000000033,1.9000000000000035,41.93696336573612
1.8000000000000034,-2.0,4.5942402712272115
1.8000000000000034,-1.9,3.0509247762477436
1.8000000000000034,-1.7999999999999998,6.533691526400539
1.8000000000000034,-1.6999999999999997,7.808707087363132
1.8000000000000034,-1.5999999999999996,2.482006672021105
1.8000000000000034,-1.4999999999999996,1.506063062493121
1.8000000000000034,-1.3999999999999995,6.514228948711406
1.8000000000000034,-1.2999999999999994,7.663212070289449
1.8000000000000034,-1.1999999999999993,4.717887629177771
1.8000000000000034,-1.0999999999999992,14.810805662849464
1.8000000000000034,-0.9999999999999991,13.358618787414994
1.8000000000000034,-0.899999999999999,13.349985345619633
1.8000000000000034,-0.7999999999999989,17.806282822792383
1.8000000000000034,-0.6999999999999988,17.15439822417766
1.8000000000000034,-0.5999999999999988,12.794070936809232
1.8000000000000034,-0.49999999999999867,17.33434018133117
1.8000000000000034,-0.3999999999999986,20.06486073174535
1.8000000000000034,-0.2999999999999985,17.22615204031373
1.8000000000000034,-0.1999999999999984,16.371826251743656
1.8000000000000034,-0.09999999999999831,17.37828667076573
1.8000000000000034,1.7763568394002505e-15,18.877255257499154
1.8000000000000034,0.10000000000000187,19.372728024103285
1.8000000000000034,0.20000000000000195,24.463030577302355
1.8000000000000034,0.30000000000000204,22.629597188457854
1.8000000000000034,0.40000000000000213,25.864724763937573
1.8000000000000034,0.5000000000000022,27.809914153250915
1.8000000000000034,0.6000000000000023,28.58457016568744
1.8000000000000034,0.7000000000000024,25.283317666124614
1.8000000000000034,0.8000000000000025,30.095984465779402
1.8000000000000034,0.9000000000000026,31.5348092125318
1.8000000000000034,1.0000000000000027,28.031922755153044
1.8000000000000034,1.1000000000000028,30.269828211404857
1.8000000000000034,1.2000000000000028,30.37268451292637
1.8000000000000034,1.300000000000003,33.49754153340159
1.8000000000000034,1.400000000000003,40.866831060946424
1.8000000000000034,1.500000000000003,42.874472039898734
1.8000000000000034,1.6000000000000032,40.79460442052681
1.8000000000000034,1.7000000000000033,38.668393130988754
1.8000000000000034,1.8000000000000034,45.09424558766925
1.8000000000000034,1.9000000000000035,43.58443475796803
1.9000000000000035,-2.0,4.513153868192575
1.9000000000000035,-1.9,5.785959136989176
1.9000000000000035,-1.7999999999999998,6.6607953781274905
1.9000000000000035,-1.6999999999999997,1.6633427116249364
1.9000000000000035,-1.5999999999999996,3.3486738765086885
1.9000000000000035,-1.4999999999999996,8.307231357517729
1.9000000000000035,-1.3999999999999995,8.334220354436686
1.9000000000000035,-1.2999999999999994,10.958062368010994
1.9000000000000035,-1.1999999999999993,14.384868746930623
1.9000000000000035,-1.0999999999999992,6.5185017205626705
1.9000000000000035,-0.9999999999999991,11.815272100998042
1.9000000000000035,-0.899999999999999,14.978857160119581
1.9000000000000035,-0.7999999999999989,17.02334904659319
1.9000000000000035,-0.6999999999999988,12.871842528002293
1.9000000000000035,-0.5999999999999988,12.781637442551762
1.9000000000000035,-0.49999999999999867,22.20432333469928
1.9000000000000035,-0.3999999999999986,15.865769458939397
1.9000000000000035,-0.2999999999999985,22.409729723132315
1.9000000000000035,-0.1999999999999984,18.3369888433695
1.9000000000000035,-0.09999999999999831,21.80634453686806
1.9000000000000035,1.7763568394002505e-15,18.81672263726073
1.9000000000000035,0.10000000000000187,28.025660808307276
1.9000000000000035,0.20000000000000195,21.895999406276943
1.9000000000000035,0.30000000000000204,26.348771827774733
1.9000000000000035,0.40000000000000213,26.889720117755083
1.9000000000000035,0.5000000000000022,32.43950755622072
1.9000000000000035,0.6000000000000023,32.568456795918486
1.9000000000000035,0.7000000000000024,35.33105557528381
1.9000000000000035,0.8000000000000025,30.091189172674085
1.9000000000000035,0.9000000000000026,35.6401453660341
1.9000000000000035,1.0000000000000027,30.179631802469245
1.9000000000000035,1.1000000000000028,34.04233395865494
1.9000000000000035,1.2000000000000028,38.143381138833085
1.9000000000000035,1.300000000000003,36.486986235624734
1.9000000000000035,1.400000000000003,34.73082593467579
1.9000000000000035,1.500000000000003,43.554458962931065
1.9000000000000035,1.6000000000000032,39.98031177394855
1.9000000000000035,1.7000000000000033,43.508622338052206
1.9000000000000035,1.8000000000000034,45.17937480260042
1.9000000000000035,1.9000000000000035,44.4512798730436
